ISO-10303-21;
HEADER;
FILE_DESCRIPTION (( 'STEP AP203' ),
    '1' );
FILE_NAME ('pwh.STEP',
    '2026-09-01T16:06:31',
    ( '' ),
    ( '' ),
    'SwSTEP 2.0',
    'SolidWorks 2024',
    '' );
FILE_SCHEMA (( 'CONFIG_CONTROL_DESIGN' ));
ENDSEC;

DATA;
#1 = ORIENTED_EDGE ( 'NONE', *, *, #499, .T. ) ;
#2 = DIRECTION ( 'NONE',  ( -0.000000000000000000, -0.000000000000000000, 1.000000000000000000 ) ) ;
#3 = VERTEX_POINT ( 'NONE', #630 ) ;
#4 = EDGE_CURVE ( 'NONE', #536, #1904, #1682, .T. ) ;
#5 = CARTESIAN_POINT ( 'NONE',  ( 10.95445115010332238, 2.999999999999999112, 0.000000000000000000 ) ) ;
#6 = ORIENTED_EDGE ( 'NONE', *, *, #369, .T. ) ;
#7 = CARTESIAN_POINT ( 'NONE',  ( -1.883246865716835083, 7.345480985108641114, -13.87628624102634767 ) ) ;
#8 = CARTESIAN_POINT ( 'NONE',  ( 4.973030043405194611, 13.09624731318718460, -13.42867360145882039 ) ) ;
#9 = DIRECTION ( 'NONE',  ( 0.9791208740244558006, -0.2032789070454331104, 0.000000000000000000 ) ) ;
#10 = AXIS2_PLACEMENT_3D ( 'NONE', #2457, #1619, #1649 ) ;
#11 = CARTESIAN_POINT ( 'NONE',  ( -14.96662954709576532, 1.000000000000000000, -1.000000000000000000 ) ) ;
#12 = CARTESIAN_POINT ( 'NONE',  ( 12.96148139681572076, 4.000000000000000000, -1.000000000000000000 ) ) ;
#13 = CARTESIAN_POINT ( 'NONE',  ( 0.3239597992692939132, 17.99045080557666410, -15.00000000000000000 ) ) ;
#14 = ORIENTED_EDGE ( 'NONE', *, *, #2569, .T. ) ;
#15 = VECTOR ( 'NONE', #1514, 1000.000000000000000 ) ;
#16 = CARTESIAN_POINT ( 'NONE',  ( 5.385164807134504628, 11.38196601125011576, -15.00000000000000000 ) ) ;
#17 = ORIENTED_EDGE ( 'NONE', *, *, #1865, .T. ) ;
#18 = CARTESIAN_POINT ( 'NONE',  ( 14.90263310717632095, 4.481985744494035195, 0.000000000000000000 ) ) ;
#19 = AXIS2_PLACEMENT_3D ( 'NONE', #1850, #1428, #375 ) ;
#20 = VERTEX_POINT ( 'NONE', #1255 ) ;
#21 = CARTESIAN_POINT ( 'NONE',  ( -1.713722411959599734, 7.791860302476730560, -13.89879310893687503 ) ) ;
#22 = B_SPLINE_CURVE_WITH_KNOTS ( 'NONE', 3,
 ( #1677, #1473, #469, #852, #33, #47, #254, #2283, #2518, #1267, #18, #1024, #654, #1083 ),
 .UNSPECIFIED., .F., .F.,
 ( 4, 2, 2, 2, 2, 2, 4 ),
 ( 0.000000000000000000, 0.0007883857968723123394, 0.001576771593744624679, 0.001970964492180779168, 0.002365157390616933440, 0.002759350289053087713, 0.003153543187489242419 ),
 .UNSPECIFIED. ) ;
#23 = CARTESIAN_POINT ( 'NONE',  ( -9.958591954639384625, 1.000000000000000000, -0.9090909090909090606 ) ) ;
#24 = CARTESIAN_POINT ( 'NONE',  ( 10.95445115010332238, 1.000000000000000000, -1.000000000000000000 ) ) ;
#25 = CARTESIAN_POINT ( 'NONE',  ( 14.98922923668487961, 20.61557501475279608, 0.2011956232080793772 ) ) ;
#26 = CARTESIAN_POINT ( 'NONE',  ( -15.98093268926945676, 21.00224262856644586, -0.7847325937028768461 ) ) ;
#27 = CARTESIAN_POINT ( 'NONE',  ( 0.000000000000000000, 5.000000000000000000, -10.00000000000000000 ) ) ;
#28 = CARTESIAN_POINT ( 'NONE',  ( -0.8239597992693179496, 7.568358260255711123, -14.49999999999999822 ) ) ;
#29 = ORIENTED_EDGE ( 'NONE', *, *, #4, .T. ) ;
#30 = CARTESIAN_POINT ( 'NONE',  ( -15.96440485023548383, 22.00000000000000355, 1.066666666666666652 ) ) ;
#31 = ORIENTED_EDGE ( 'NONE', *, *, #1273, .F. ) ;
#32 = VECTOR ( 'NONE', #1614, 1000.000000000000000 ) ;
#33 = CARTESIAN_POINT ( 'NONE',  ( 14.19407541828411468, 3.400950535421975118, 0.000000000000000000 ) ) ;
#34 = ORIENTED_EDGE ( 'NONE', *, *, #1616, .F. ) ;
#35 = EDGE_LOOP ( 'NONE', ( #1354, #685, #884, #2203, #1263, #117, #839, #2537, #2678, #1489, #2208 ) ) ;
#36 = CARTESIAN_POINT ( 'NONE',  ( 16.00042092638277680, 21.73599655541050879, -0.001830529012819133786 ) ) ;
#37 = FACE_OUTER_BOUND ( 'NONE', #1933, .T. ) ;
#38 = CARTESIAN_POINT ( 'NONE',  ( 5.516172807004291911, 13.25836371041974715, -14.99216679296882226 ) ) ;
#39 = AXIS2_PLACEMENT_3D ( 'NONE', #2600, #2392, #530 ) ;
#40 = DIRECTION ( 'NONE',  ( -0.06666666666666672125, 1.007097985315056579E-16, 0.9977753031397178507 ) ) ;
#41 = CARTESIAN_POINT ( 'NONE',  ( -15.96838197382927760, 20.52392263638143177, -1.011089387588103961 ) ) ;
#42 = CARTESIAN_POINT ( 'NONE',  ( 0.000000000000000000, 20.00000000000000000, -14.00000000000000000 ) ) ;
#43 = AXIS2_PLACEMENT_3D ( 'NONE', #1912, #2292, #1855 ) ;
#44 = CARTESIAN_POINT ( 'NONE',  ( -5.518954616491023479, 13.24836877580724703, -14.99177032215792593 ) ) ;
#45 = VERTEX_POINT ( 'NONE', #178 ) ;
#46 = CARTESIAN_POINT ( 'NONE',  ( 4.895604370122278226, 11.48360546477283251, -14.49999999999999822 ) ) ;
#47 = CARTESIAN_POINT ( 'NONE',  ( 14.47146423196576848, 3.677482709490962787, -0.000000000000000000 ) ) ;
#48 = ORIENTED_EDGE ( 'NONE', *, *, #690, .T. ) ;
#49 = EDGE_LOOP ( 'NONE', ( #2279, #2194, #439, #1686 ) ) ;
#50 = CARTESIAN_POINT ( 'NONE',  ( 14.99879087522419674, 20.79534699227122374, 0.3903255234933895590 ) ) ;
#51 = EDGE_CURVE ( 'NONE', #2342, #1487, #157, .T. ) ;
#52 = CARTESIAN_POINT ( 'NONE',  ( -14.96662954709576532, 21.00000000000000000, 1.000000000000000000 ) ) ;
#53 = FACE_BOUND ( 'NONE', #1920, .T. ) ;
#54 = DIRECTION ( 'NONE',  ( -0.000000000000000000, -1.000000000000000000, -0.000000000000000000 ) ) ;
#55 = CIRCLE ( 'NONE', #2199, 0.9999999999999991118 ) ;
#56 = CARTESIAN_POINT ( 'NONE',  ( 3.360511381141880971, 16.21406003859518918, -14.02331921310463692 ) ) ;
#57 = B_SPLINE_CURVE_WITH_KNOTS ( 'NONE', 3,
 ( #1281, #1873, #1459, #1054, #1068, #423, #2108, #240, #481, #2122, #1307, #865, #2691, #2329, #1919, #684 ),
 .UNSPECIFIED., .F., .F.,
 ( 4, 2, 2, 2, 2, 2, 2, 4 ),
 ( 0.000000000000000000, 0.0008138467822821273279, 0.001220770173423191100, 0.001627693564564254656, 0.002034616955705318211, 0.002441540346846382201, 0.002848463737987445756, 0.003255387129128509312 ),
 .UNSPECIFIED. ) ;
#58 = VECTOR ( 'NONE', #2654, 1000.000000000000000 ) ;
#59 = CARTESIAN_POINT ( 'NONE',  ( -5.000034330855884335, 12.33529092409710870, -15.11840178806114210 ) ) ;
#60 = CARTESIAN_POINT ( 'NONE',  ( -4.320181334129386208, 15.71677769625090804, -13.31806656589817273 ) ) ;
#61 = DIRECTION ( 'NONE',  ( 0.000000000000000000, 0.000000000000000000, 1.000000000000000000 ) ) ;
#62 = ORIENTED_EDGE ( 'NONE', *, *, #1064, .F. ) ;
#63 = AXIS2_PLACEMENT_3D ( 'NONE', #554, #1218, #181 ) ;
#64 = ORIENTED_EDGE ( 'NONE', *, *, #487, .T. ) ;
#65 = CARTESIAN_POINT ( 'NONE',  ( -4.860356213360584654, 10.27734048917170995, -13.12941467268644224 ) ) ;
#66 = CARTESIAN_POINT ( 'NONE',  ( 3.624198329120216222, 15.95673767720397507, -13.94285659642163999 ) ) ;
#67 = CARTESIAN_POINT ( 'NONE',  ( -5.744175794276808134, 25.00000000000000000, -14.93333333333333535 ) ) ;
#68 = CARTESIAN_POINT ( 'NONE',  ( -4.999992116704885525, 12.33412300714631016, -13.08100067801233735 ) ) ;
#69 = ADVANCED_FACE ( 'NONE', ( #1863 ), #151, .F. ) ;
#70 = CARTESIAN_POINT ( 'NONE',  ( -10.95445115010332238, 1.000000000000000888, 0.000000000000000000 ) ) ;
#71 = CARTESIAN_POINT ( 'NONE',  ( -16.00197451529679071, 21.76058933983374288, 0.01873440998690480835 ) ) ;
#72 = CARTESIAN_POINT ( 'NONE',  ( -4.930409585834894415, 13.34875041649167926, -14.49999998604532259 ) ) ;
#73 = EDGE_CURVE ( 'NONE', #2357, #822, #1771, .T. ) ;
#74 = DIRECTION ( 'NONE',  ( -0.000000000000000000, -1.000000000000000000, -0.000000000000000000 ) ) ;
#75 = CARTESIAN_POINT ( 'NONE',  ( 4.879907850655653689, 14.69261938565730397, -13.12247845800554735 ) ) ;
#76 = ORIENTED_EDGE ( 'NONE', *, *, #1879, .F. ) ;
#77 = ORIENTED_EDGE ( 'NONE', *, *, #367, .F. ) ;
#78 = CARTESIAN_POINT ( 'NONE',  ( -4.547721325802295489, 9.654888598245962683, -13.24112743656644220 ) ) ;
#79 = DIRECTION ( 'NONE',  ( 1.000000000000000000, 0.000000000000000000, 0.000000000000000000 ) ) ;
#80 = CARTESIAN_POINT ( 'NONE',  ( -5.615027650007405668, 12.68927714817072072, -14.97322305415565857 ) ) ;
#81 = VECTOR ( 'NONE', #54, 1000.000000000000000 ) ;
#82 = CARTESIAN_POINT ( 'NONE',  ( -4.489363068102787402, 14.72618290160711219, -13.26530836254560164 ) ) ;
#83 = CARTESIAN_POINT ( 'NONE',  ( -13.22869505442659843, 4.006680089298778391, 0.000000000000000000 ) ) ;
#84 = EDGE_CURVE ( 'NONE', #1021, #101, #517, .T. ) ;
#85 = PERSON_AND_ORGANIZATION_ROLE ( 'creator' ) ;
#86 = CARTESIAN_POINT ( 'NONE',  ( 3.519104063261644821, 16.06556863541039704, -13.55517645446469643 ) ) ;
#87 = VECTOR ( 'NONE', #448, 1000.000000000000000 ) ;
#88 = ORIENTED_EDGE ( 'NONE', *, *, #1632, .T. ) ;
#89 = AXIS2_PLACEMENT_3D ( 'NONE', #2509, #871, #2127 ) ;
#90 = PLANE ( 'NONE',  #2347 ) ;
#91 = EDGE_CURVE ( 'NONE', #470, #2076, #986, .T. ) ;
#92 = AXIS2_PLACEMENT_3D ( 'NONE', #2375, #516, #1342 ) ;
#93 = DIRECTION ( 'NONE',  ( 0.000000000000000000, 0.000000000000000000, -1.000000000000000000 ) ) ;
#94 = ORIENTED_EDGE ( 'NONE', *, *, #1330, .T. ) ;
#95 = EDGE_CURVE ( 'NONE', #2478, #2475, #2505, .T. ) ;
#96 = CARTESIAN_POINT ( 'NONE',  ( 0.000000000000000000, 5.000000000000000888, 0.000000000000000000 ) ) ;
#97 = DIRECTION ( 'NONE',  ( -0.000000000000000000, -1.000000000000000000, -0.000000000000000000 ) ) ;
#98 = CARTESIAN_POINT ( 'NONE',  ( -5.146480527599383237, 11.09972263075313492, -13.01993232783316046 ) ) ;
#99 = CARTESIAN_POINT ( 'NONE',  ( -14.71369762367350376, 3.993122226291078825, 0.000000000000000000 ) ) ;
#100 = CARTESIAN_POINT ( 'NONE',  ( 2.899758378765425082, 16.58395397352290246, -14.14721356966608745 ) ) ;
#101 = VERTEX_POINT ( 'NONE', #617 ) ;
#102 = FACE_OUTER_BOUND ( 'NONE', #2618, .T. ) ;
#103 = CARTESIAN_POINT ( 'NONE',  ( -1.661870608193324994, 17.73576631228181455, -13.90500460728326892 ) ) ;
#104 = EDGE_CURVE ( 'NONE', #407, #1021, #600, .T. ) ;
#105 = CARTESIAN_POINT ( 'NONE',  ( 15.96440485023548383, 22.00000000000000355, 1.066666666666666652 ) ) ;
#106 = VERTEX_POINT ( 'NONE', #2451 ) ;
#107 = CARTESIAN_POINT ( 'NONE',  ( 0.000000000000000000, 24.00000000000000000, -15.00000000000000000 ) ) ;
#108 = LINE ( 'NONE', #67, #2530 ) ;
#109 = CARTESIAN_POINT ( 'NONE',  ( -3.771298718447195775, 15.79874703328215446, -13.48774588410982034 ) ) ;
#110 = ORIENTED_EDGE ( 'NONE', *, *, #275, .F. ) ;
#111 = ADVANCED_FACE ( 'NONE', ( #587 ), #795, .T. ) ;
#112 = DIRECTION ( 'NONE',  ( -0.3590109871423002863, 0.000000000000000000, -0.9333333333333334592 ) ) ;
#113 = CARTESIAN_POINT ( 'NONE',  ( -0.8239597992693179496, 17.43164173974428977, -15.00000000000000000 ) ) ;
#114 = B_SPLINE_CURVE_WITH_KNOTS ( 'NONE', 3,
 ( #1410, #987, #1820, #2235, #1556, #1351, #1584, #2195 ),
 .UNSPECIFIED., .F., .F.,
 ( 4, 2, 2, 4 ),
 ( 0.000000000000000000, 0.0007915160005161078023, 0.001187274000774162733, 0.001583032001032217773 ),
 .UNSPECIFIED. ) ;
#115 = APPROVAL_ROLE ( '' ) ;
#116 = CARTESIAN_POINT ( 'NONE',  ( 4.965353428426917404, 13.10675866541348533, -13.43197825583300897 ) ) ;
#117 = ORIENTED_EDGE ( 'NONE', *, *, #2579, .T. ) ;
#118 = FACE_OUTER_BOUND ( 'NONE', #797, .T. ) ;
#119 = EDGE_CURVE ( 'NONE', #1983, #1251, #815, .T. ) ;
#120 = SPHERICAL_SURFACE ( 'NONE', #2671, 1.000000000000000000 ) ;
#121 = CARTESIAN_POINT ( 'NONE',  ( 0.000000000000000000, 12.50000000000000000, -14.49999999999999822 ) ) ;
#122 = ORIENTED_EDGE ( 'NONE', *, *, #1305, .T. ) ;
#123 = DIRECTION ( 'NONE',  ( -0.09090909090909091161, 0.000000000000000000, 0.9958591954639384181 ) ) ;
#124 = CARTESIAN_POINT ( 'NONE',  ( -4.060691649453536556, 16.06117231995489192, -13.40032958387247497 ) ) ;
#125 = DIRECTION ( 'NONE',  ( 0.000000000000000000, -1.000000000000000000, 0.000000000000000000 ) ) ;
#126 = DIRECTION ( 'NONE',  ( 1.000000000000000000, 0.000000000000000000, 0.000000000000000000 ) ) ;
#127 = AXIS2_PLACEMENT_3D ( 'NONE', #784, #1757, #1316 ) ;
#128 = APPLICATION_PROTOCOL_DEFINITION ( 'international standard', 'config_control_design', 1994, #2078 ) ;
#129 = CARTESIAN_POINT ( 'NONE',  ( 4.442875535530292908, 14.81269013695596648, -13.65272535941735299 ) ) ;
#130 = EDGE_LOOP ( 'NONE', ( #29, #1226, #1470, #1707 ) ) ;
#131 = CARTESIAN_POINT ( 'NONE',  ( -2.969612081876240595, 8.466989657892513677, -14.12951805037143593 ) ) ;
#132 = CARTESIAN_POINT ( 'NONE',  ( 1.359457130405818059, 7.172879694800967876, -13.93722602297454216 ) ) ;
#133 = APPROVAL_PERSON_ORGANIZATION ( #2381, #1380, #1806 ) ;
#134 = B_SPLINE_CURVE_WITH_KNOTS ( 'NONE', 3,
 ( #2322, #621, #1685, #2484, #1062, #1047, #248, #809, #2514, #464, #404, #1290, #1452, #1480, #2277, #1897, #1882, #1077 ),
 .UNSPECIFIED., .F., .F.,
 ( 4, 2, 2, 2, 2, 2, 2, 2, 4 ),
 ( 0.000000000000000000, 0.0008947841841639243756, 0.001789568368327848751, 0.002684352552491772910, 0.003579136736655697502, 0.004473920920819622095, 0.005368705104983545820, 0.006263489289147470412, 0.007158273473311395005 ),
 .UNSPECIFIED. ) ;
#135 = CARTESIAN_POINT ( 'NONE',  ( 2.897623912687913972, 7.879518198315853539, -13.69966471907091154 ) ) ;
#136 = VERTEX_POINT ( 'NONE', #1654 ) ;
#137 = CARTESIAN_POINT ( 'NONE',  ( 5.595646701973078230, 12.87499142702834121, -14.97837053230514570 ) ) ;
#138 = EDGE_CURVE ( 'NONE', #3, #668, #2603, .T. ) ;
#139 = CARTESIAN_POINT ( 'NONE',  ( 0.000000000000000000, 21.00000000000000000, 0.000000000000000000 ) ) ;
#140 = FACE_OUTER_BOUND ( 'NONE', #49, .T. ) ;
#141 = SPHERICAL_SURFACE ( 'NONE', #2324, 1.000000000000000000 ) ;
#142 = CARTESIAN_POINT ( 'NONE',  ( 4.574669868231034719, 14.53990097583341878, -13.59936943762737549 ) ) ;
#143 = CARTESIAN_POINT ( 'NONE',  ( -4.868916781170223196, 11.32517168039380806, -13.47475903609620751 ) ) ;
#144 = CARTESIAN_POINT ( 'NONE',  ( 4.138226640434361059, 9.677943698734683409, -13.76809889675296894 ) ) ;
#145 = DIRECTION ( 'NONE',  ( -0.000000000000000000, -1.000000000000000000, 0.000000000000000000 ) ) ;
#146 = ORIENTED_EDGE ( 'NONE', *, *, #1564, .T. ) ;
#147 = LINE ( 'NONE', #981, #58 ) ;
#148 = CIRCLE ( 'NONE', #1235, 10.00000000000000000 ) ;
#149 = CARTESIAN_POINT ( 'NONE',  ( -0.1952994103718980190, 17.49619027336969879, -13.99865241877949451 ) ) ;
#150 = ADVANCED_FACE ( 'NONE', ( #1028 ), #2250, .T. ) ;
#151 = CYLINDRICAL_SURFACE ( 'NONE', #19, 10.00000000000000000 ) ;
#152 = DIRECTION ( 'NONE',  ( 1.000000000000000000, 0.000000000000000000, 0.000000000000000000 ) ) ;
#153 = EDGE_CURVE ( 'NONE', #1834, #2478, #1247, .T. ) ;
#154 = VECTOR ( 'NONE', #2136, 1000.000000000000000 ) ;
#155 = B_SPLINE_CURVE_WITH_KNOTS ( 'NONE', 3,
 ( #2345, #443, #1042, #1312, #2565, #1876, #1100, #244 ),
 .UNSPECIFIED., .F., .F.,
 ( 4, 2, 2, 4 ),
 ( 0.000000000000000000, 0.0002463674629079243348, 0.0004927349258158486697, 0.0009854698516317038446 ),
 .UNSPECIFIED. ) ;
#156 = DIRECTION ( 'NONE',  ( -1.000000000000000000, 0.000000000000000000, 0.000000000000000000 ) ) ;
#157 = CIRCLE ( 'NONE', #728, 1.000000000000000000 ) ;
#158 = CARTESIAN_POINT ( 'NONE',  ( 5.167547346659637775, 11.19069826589034022, -13.01154268952214643 ) ) ;
#159 = EDGE_CURVE ( 'NONE', #1283, #1282, #1721, .T. ) ;
#160 = ADVANCED_FACE ( 'NONE', ( #1285 ), #688, .T. ) ;
#161 = ORIENTED_EDGE ( 'NONE', *, *, #275, .T. ) ;
#162 = AXIS2_PLACEMENT_3D ( 'NONE', #1341, #2168, #319 ) ;
#163 = CARTESIAN_POINT ( 'NONE',  ( 5.385164807134506404, 25.00000000000000000, -13.99999999999999822 ) ) ;
#164 = CARTESIAN_POINT ( 'NONE',  ( -0.7943515093080616429, 17.45810862509066652, -14.31209200093070599 ) ) ;
#165 = CARTESIAN_POINT ( 'NONE',  ( 0.000000000000000000, 24.00000000000000000, -13.99999999999999822 ) ) ;
#166 = CARTESIAN_POINT ( 'NONE',  ( -14.96662954381421429, 4.739885059908516496, 0.000000000000000000 ) ) ;
#167 = B_SPLINE_CURVE_WITH_KNOTS ( 'NONE', 3,
 ( #1821, #799, #2666, #1797, #2463, #1431 ),
 .UNSPECIFIED., .F., .F.,
 ( 4, 2, 4 ),
 ( 0.000000000000000000, 0.0003898014995815628084, 0.0007796029991631256168 ),
 .UNSPECIFIED. ) ;
#168 = DIRECTION ( 'NONE',  ( 0.000000000000000000, -1.000000000000000000, 0.000000000000000000 ) ) ;
#169 = CARTESIAN_POINT ( 'NONE',  ( 4.097455656770206289, 9.617410646223813586, -13.39165869547591470 ) ) ;
#170 = ORIENTED_EDGE ( 'NONE', *, *, #598, .F. ) ;
#171 = CC_DESIGN_APPROVAL ( #1380, ( #1845 ) ) ;
#172 = AXIS2_PLACEMENT_3D ( 'NONE', #2437, #519, #547 ) ;
#173 = CARTESIAN_POINT ( 'NONE',  ( 5.385164807134506404, 24.00000000000000000, -15.00000000000000000 ) ) ;
#174 = VECTOR ( 'NONE', #1019, 1000.000000000000000 ) ;
#175 = ORIENTED_EDGE ( 'NONE', *, *, #1044, .F. ) ;
#176 = CIRCLE ( 'NONE', #2404, 15.00000000000000000 ) ;
#177 = LINE ( 'NONE', #1838, #1009 ) ;
#178 = CARTESIAN_POINT ( 'NONE',  ( -14.96662954709576532, 0.000000000000000000, -1.000000000000000000 ) ) ;
#179 = FACE_OUTER_BOUND ( 'NONE', #1874, .T. ) ;
#180 = FACE_OUTER_BOUND ( 'NONE', #1198, .T. ) ;
#181 = DIRECTION ( 'NONE',  ( 0.000000000000000000, 0.000000000000000000, -1.000000000000000000 ) ) ;
#182 = ORIENTED_EDGE ( 'NONE', *, *, #1612, .F. ) ;
#183 = B_SPLINE_CURVE_WITH_KNOTS ( 'NONE', 3,
 ( #2359, #886, #8, #842, #2140, #1692, #270, #2522, #2508, #66, #643, #1476, #1271, #515, #2186, #713, #1748, #2581 ),
 .UNSPECIFIED., .F., .F.,
 ( 4, 2, 2, 2, 2, 2, 2, 2, 4 ),
 ( 0.007158273473311395005, 0.008052881420500384094, 0.008947489367689374917, 0.009842097314878364006, 0.01073670526206735309, 0.01163131320925634392, 0.01252592115644533301, 0.01342052910363432383, 0.01431513705082331292 ),
 .UNSPECIFIED. ) ;
#184 = CARTESIAN_POINT ( 'NONE',  ( -16.00000000000000000, 20.00000000000000000, 1.000000000000000000 ) ) ;
#185 = ADVANCED_FACE ( 'NONE', ( #37 ), #568, .T. ) ;
#186 = AXIS2_PLACEMENT_3D ( 'NONE', #2479, #595, #384 ) ;
#187 = VERTEX_POINT ( 'NONE', #23 ) ;
#188 = CARTESIAN_POINT ( 'NONE',  ( -12.96148139681572076, 2.999999999999999112, 0.000000000000000000 ) ) ;
#189 = DIRECTION ( 'NONE',  ( 1.000000000000000000, 8.673617379884027583E-16, 0.000000000000000000 ) ) ;
#190 = DIRECTION ( 'NONE',  ( 0.000000000000000000, 0.000000000000000000, -1.000000000000000000 ) ) ;
#191 = EDGE_CURVE ( 'NONE', #2667, #2357, #1491, .T. ) ;
#192 = CARTESIAN_POINT ( 'NONE',  ( -10.95445115010332238, 5.000000000000000000, -1.000000000000000000 ) ) ;
#193 = CARTESIAN_POINT ( 'NONE',  ( 4.750216954444897333, 10.02043029331219337, -13.17051965503312516 ) ) ;
#194 = CARTESIAN_POINT ( 'NONE',  ( 0.5485462269541477864, 17.74793066994999080, -14.96366390364122623 ) ) ;
#195 = EDGE_CURVE ( 'NONE', #2312, #1111, #2367, .T. ) ;
#196 = EDGE_LOOP ( 'NONE', ( #2480, #2551, #1650, #805 ) ) ;
#197 = FACE_OUTER_BOUND ( 'NONE', #1799, .T. ) ;
#198 = EDGE_LOOP ( 'NONE', ( #1661, #755, #458, #227 ) ) ;
#199 = VERTEX_POINT ( 'NONE', #473 ) ;
#200 = DIRECTION ( 'NONE',  ( -0.000000000000000000, 1.000000000000000000, -0.000000000000000000 ) ) ;
#201 = CIRCLE ( 'NONE', #2511, 14.00000000000000000 ) ;
#202 = DIRECTION ( 'NONE',  ( 0.000000000000000000, 0.000000000000000000, -1.000000000000000000 ) ) ;
#203 = CARTESIAN_POINT ( 'NONE',  ( -15.00192980187210701, 20.87405276753857564, 0.4970134376453368974 ) ) ;
#204 = B_SPLINE_CURVE_WITH_KNOTS ( 'NONE', 3,
 ( #1242, #576, #2231, #386, #2673, #588, #2241, #2251 ),
 .UNSPECIFIED., .F., .F.,
 ( 4, 2, 2, 4 ),
 ( 0.000000000000000000, 0.0007912448286896332740, 0.001186867243034451591, 0.001582489657379270017 ),
 .UNSPECIFIED. ) ;
#205 = CARTESIAN_POINT ( 'NONE',  ( 13.96892488113868680, 3.251160280014947279, 0.000000000000000000 ) ) ;
#206 = CARTESIAN_POINT ( 'NONE',  ( 15.96440485023548561, 21.00000000000000000, 1.066666666666666208 ) ) ;
#207 = CARTESIAN_POINT ( 'NONE',  ( 0.8023887211075558801, 17.45720440212355484, -14.66279661467488538 ) ) ;
#208 = ADVANCED_FACE ( 'NONE', ( #216 ), #1343, .T. ) ;
#209 = AXIS2_PLACEMENT_3D ( 'NONE', #1450, #220, #1466 ) ;
#210 = ORIENTED_EDGE ( 'NONE', *, *, #391, .T. ) ;
#211 = CARTESIAN_POINT ( 'NONE',  ( -12.96148139681572076, 4.000000000000000000, -0.9999999999999997780 ) ) ;
#212 = ORIENTED_EDGE ( 'NONE', *, *, #2265, .T. ) ;
#213 = CARTESIAN_POINT ( 'NONE',  ( 0.8239597992692953010, 17.43164173974428977, -14.47164535225755344 ) ) ;
#214 = ORIENTED_EDGE ( 'NONE', *, *, #1552, .T. ) ;
#215 = CARTESIAN_POINT ( 'NONE',  ( -0.5223257909720442349, 7.517120605989830118, -14.49286102430067658 ) ) ;
#216 = FACE_OUTER_BOUND ( 'NONE', #1569, .T. ) ;
#217 = DIRECTION ( 'NONE',  ( -1.776356839400250465E-15, 0.000000000000000000, -1.000000000000000000 ) ) ;
#218 = CIRCLE ( 'NONE', #1529, 11.00000000000000000 ) ;
#219 = CIRCLE ( 'NONE', #1750, 13.00000000000000178 ) ;
#220 = DIRECTION ( 'NONE',  ( 0.2032789070454364411, 0.9791208740244551345, -3.397007931978301365E-15 ) ) ;
#221 = LINE ( 'NONE', #2003, #174 ) ;
#222 = CARTESIAN_POINT ( 'NONE',  ( -15.99344293367932757, 21.95061174818604854, 0.5228025377411297248 ) ) ;
#223 = ORIENTED_EDGE ( 'NONE', *, *, #929, .F. ) ;
#224 = CARTESIAN_POINT ( 'NONE',  ( 0.000000000000000000, 12.50000000000000000, -15.00000000000000000 ) ) ;
#225 = EDGE_LOOP ( 'NONE', ( #686, #1130, #2176, #1993 ) ) ;
#226 = DIRECTION ( 'NONE',  ( -1.734723475976807094E-15, 0.000000000000000000, 1.000000000000000000 ) ) ;
#227 = ORIENTED_EDGE ( 'NONE', *, *, #2133, .F. ) ;
#228 = CARTESIAN_POINT ( 'NONE',  ( -0.8145560838947183413, 7.556829794283340007, -13.97984113019660057 ) ) ;
#229 = DIRECTION ( 'NONE',  ( -0.000000000000000000, 1.000000000000000000, -0.000000000000000000 ) ) ;
#230 = CYLINDRICAL_SURFACE ( 'NONE', #1310, 1.000000000000000000 ) ;
#231 = ADVANCED_FACE ( 'NONE', ( #701 ), #2126, .T. ) ;
#232 = FACE_OUTER_BOUND ( 'NONE', #827, .T. ) ;
#233 = CARTESIAN_POINT ( 'NONE',  ( -14.96662954709576532, 21.00000000000000000, 1.000000000000000444 ) ) ;
#234 = CARTESIAN_POINT ( 'NONE',  ( 0.8239597992692953010, 17.43164173974428977, -14.49999999999999822 ) ) ;
#235 = CARTESIAN_POINT ( 'NONE',  ( -0.3239597992693178941, 0.000000000000000000, -14.49999999999999822 ) ) ;
#236 = ORIENTED_EDGE ( 'NONE', *, *, #1819, .F. ) ;
#237 = EDGE_CURVE ( 'NONE', #1974, #1251, #155, .T. ) ;
#238 = CARTESIAN_POINT ( 'NONE',  ( -14.28543363352333273, 3.492159786693196821, -0.000000000000000000 ) ) ;
#239 = ORIENTED_EDGE ( 'NONE', *, *, #2088, .T. ) ;
#240 = CARTESIAN_POINT ( 'NONE',  ( 15.99717330781024316, 21.52790736754586476, -0.3169139960161392322 ) ) ;
#241 = ORIENTED_EDGE ( 'NONE', *, *, #2455, .F. ) ;
#242 = CLOSED_SHELL ( 'NONE', ( #289, #1878, #634, #1736, #2302, #69, #1262, #1367, #2167, #377, #504, #2535, #2686, #1099, #2368, #2701, #967, #2461, #677, #208, #2656, #295, #2082, #150, #401, #2489, #2510, #782, #1119, #1420, #1789, #1161, #550, #1741, #437, #160, #1412, #589, #2498, #927, #2103, #231, #849, #2427, #1694, #2177, #2471, #774, #972, #1533, #1415, #1249, #2664, #111, #1012, #2006, #1747, #870, #2028, #921, #452, #2119, #1202, #742, #2370, #961, #395, #2327, #1836, #2418, #185, #1507 ) ) ;
#243 = ORIENTED_EDGE ( 'NONE', *, *, #1287, .F. ) ;
#244 = CARTESIAN_POINT ( 'NONE',  ( -0.3239597992693178941, 17.99045080557666410, -15.00000000000000000 ) ) ;
#245 = CARTESIAN_POINT ( 'NONE',  ( 5.385164807134506404, 11.38196601125011753, -15.00000000000000000 ) ) ;
#246 = CARTESIAN_POINT ( 'NONE',  ( 0.000000000000000000, 0.000000000000000000, 0.000000000000000000 ) ) ;
#247 = CARTESIAN_POINT ( 'NONE',  ( -15.98778911185649143, 21.21970803679377227, -0.6297731157994596041 ) ) ;
#248 = CARTESIAN_POINT ( 'NONE',  ( 2.971780076897864831, 8.468439948435355191, -14.12899522821030018 ) ) ;
#249 = CARTESIAN_POINT ( 'NONE',  ( -2.227305391407500057, 16.98588207209967749, -14.29429307609559352 ) ) ;
#250 = EDGE_CURVE ( 'NONE', #383, #2612, #1818, .T. ) ;
#251 = ORIENTED_EDGE ( 'NONE', *, *, #1347, .F. ) ;
#252 = CARTESIAN_POINT ( 'NONE',  ( -13.60670154796432563, 3.101795516385422946, -0.000000000000000000 ) ) ;
#253 = AXIS2_PLACEMENT_3D ( 'NONE', #890, #2143, #260 ) ;
#254 = CARTESIAN_POINT ( 'NONE',  ( 14.55614941274980723, 3.780355896509685287, 0.000000000000000000 ) ) ;
#255 = ORIENTED_EDGE ( 'NONE', *, *, #778, .T. ) ;
#256 = EDGE_LOOP ( 'NONE', ( #2151, #2109, #467, #810, #396 ) ) ;
#257 = CARTESIAN_POINT ( 'NONE',  ( 5.385164807134506404, 1.000000000000000888, -15.00000000000000000 ) ) ;
#258 = CARTESIAN_POINT ( 'NONE',  ( -16.00000000000000000, 2.999999999999999112, -1.000000000000000000 ) ) ;
#259 = DIRECTION ( 'NONE',  ( 0.000000000000000000, 0.000000000000000000, 1.000000000000000000 ) ) ;
#260 = DIRECTION ( 'NONE',  ( 0.000000000000000000, 0.000000000000000000, -1.000000000000000000 ) ) ;
#261 = CARTESIAN_POINT ( 'NONE',  ( -15.99399842209174238, 21.94771069527737595, 0.5079600836048243639 ) ) ;
#262 = CARTESIAN_POINT ( 'NONE',  ( 1.284958825115767977, 17.34127819711471119, -14.43435962787928872 ) ) ;
#263 = CARTESIAN_POINT ( 'NONE',  ( 0.000000000000000000, 25.00000000000000000, 0.000000000000000000 ) ) ;
#264 = LINE ( 'NONE', #1931, #277 ) ;
#265 = CARTESIAN_POINT ( 'NONE',  ( 3.633940880963159259, 16.52350224885745789, -13.52240767533117172 ) ) ;
#266 = VERTEX_POINT ( 'NONE', #52 ) ;
#267 = ORIENTED_EDGE ( 'NONE', *, *, #1048, .T. ) ;
#268 = CARTESIAN_POINT ( 'NONE',  ( -2.563115104067493988, 8.203392953601877480, -13.76604809597131052 ) ) ;
#269 = B_SPLINE_CURVE_WITH_KNOTS ( 'NONE', 3,
 ( #1229, #2055, #1418, #203, #2452, #1029, #1840, #2438, #1635, #2069 ),
 .UNSPECIFIED., .F., .F.,
 ( 4, 2, 2, 2, 4 ),
 ( 0.000000000000000000, 0.0003942254597507324396, 0.0007884509195014648792, 0.001182676379252197265, 0.001576901839002929758 ),
 .UNSPECIFIED. ) ;
#270 = CARTESIAN_POINT ( 'NONE',  ( 4.459822135300347767, 14.77909464038329013, -13.64596332964043768 ) ) ;
#271 = CARTESIAN_POINT ( 'NONE',  ( -5.385164807134506404, 0.000000000000000000, -13.99999999999999822 ) ) ;
#272 = CARTESIAN_POINT ( 'NONE',  ( -3.141029151586058443, 16.39346826962786352, -14.08299308521135451 ) ) ;
#273 = FACE_OUTER_BOUND ( 'NONE', #1774, .T. ) ;
#274 = VECTOR ( 'NONE', #2053, 1000.000000000000000 ) ;
#275 = EDGE_CURVE ( 'NONE', #1158, #922, #183, .T. ) ;
#276 = CARTESIAN_POINT ( 'NONE',  ( 14.96662954709576532, 1.000000000000000000, -1.000000000000000000 ) ) ;
#277 = VECTOR ( 'NONE', #2560, 1000.000000000000000 ) ;
#278 = CARTESIAN_POINT ( 'NONE',  ( -5.461734077210124383, 13.43363076363516484, -15.00000000000000000 ) ) ;
#279 = CARTESIAN_POINT ( 'NONE',  ( -0.6596242006345122144, 17.96925516545865165, -13.98875444083344810 ) ) ;
#280 = CARTESIAN_POINT ( 'NONE',  ( 4.435379363537249375, 15.54131412376975163, -13.27985129193666047 ) ) ;
#281 = VERTEX_POINT ( 'NONE', #1149 ) ;
#282 = ORIENTED_EDGE ( 'NONE', *, *, #2036, .F. ) ;
#283 = CARTESIAN_POINT ( 'NONE',  ( -3.326997049191074751, 8.752692218785870892, -13.60383413821304899 ) ) ;
#284 = EDGE_CURVE ( 'NONE', #615, #1762, #201, .T. ) ;
#285 = CYLINDRICAL_SURFACE ( 'NONE', #162, 5.000000000000000000 ) ;
#286 = CYLINDRICAL_SURFACE ( 'NONE', #2450, 1.000000000000000000 ) ;
#287 = CARTESIAN_POINT ( 'NONE',  ( -2.788964307028753975, 17.19339756320171730, -13.72228990670882176 ) ) ;
#288 = DIRECTION ( 'NONE',  ( -1.000000000000000000, -0.000000000000000000, -0.000000000000000000 ) ) ;
#289 = ADVANCED_FACE ( 'NONE', ( #2388 ), #285, .F. ) ;
#290 = DIRECTION ( 'NONE',  ( -0.000000000000000000, -0.000000000000000000, 1.000000000000000000 ) ) ;
#291 = CARTESIAN_POINT ( 'NONE',  ( 3.297993632179815116, 16.27029919697733362, -13.61088375367923753 ) ) ;
#292 = AXIS2_PLACEMENT_3D ( 'NONE', #485, #1073, #1298 ) ;
#293 = ORIENTED_EDGE ( 'NONE', *, *, #723, .T. ) ;
#294 = CARTESIAN_POINT ( 'NONE',  ( -4.992338711160627440, 12.17306073270530220, -15.10771786187860855 ) ) ;
#295 = ADVANCED_FACE ( 'NONE', ( #2153 ), #1728, .T. ) ;
#296 = CARTESIAN_POINT ( 'NONE',  ( -5.310286551742140482, 12.32592214977291079, -12.95379700096885145 ) ) ;
#297 = PRODUCT ( 'pwh', 'pwh', '', ( #933 ) ) ;
#298 = DIRECTION ( 'NONE',  ( -0.000000000000000000, -1.000000000000000000, -0.000000000000000000 ) ) ;
#299 = ORIENTED_EDGE ( 'NONE', *, *, #2596, .T. ) ;
#300 = CARTESIAN_POINT ( 'NONE',  ( -3.389064207061611711, 8.810084219820383922, -14.01483698517205667 ) ) ;
#301 = LINE ( 'NONE', #2597, #2645 ) ;
#302 = CARTESIAN_POINT ( 'NONE',  ( -5.459152908156980288, 13.43984704551641940, -14.99999999999999822 ) ) ;
#303 = CARTESIAN_POINT ( 'NONE',  ( -2.284489469896354930, 16.95889928411061476, -13.81695209397024016 ) ) ;
#304 = FACE_OUTER_BOUND ( 'NONE', #2499, .T. ) ;
#305 = CARTESIAN_POINT ( 'NONE',  ( -13.22516578836734169, 4.025930869808996171, -0.9805172107725885766 ) ) ;
#306 = CALENDAR_DATE ( 2026, 1, 9 ) ;
#307 = CARTESIAN_POINT ( 'NONE',  ( 0.9550930201853468082, 17.41678203406795689, -13.97071567240271683 ) ) ;
#308 = B_SPLINE_CURVE_WITH_KNOTS ( 'NONE', 3,
 ( #2649, #1817, #2262, #1017, #413, #1851, #2682, #816 ),
 .UNSPECIFIED., .F., .F.,
 ( 4, 2, 2, 4 ),
 ( -4.476098982365390663E-06, 0.0004837932403992242303, 0.0007279279100900190374, 0.0009720625797808138445 ),
 .UNSPECIFIED. ) ;
#309 = CIRCLE ( 'NONE', #1915, 0.9999999999999994449 ) ;
#310 = EDGE_CURVE ( 'NONE', #542, #1834, #2672, .T. ) ;
#311 = VERTEX_POINT ( 'NONE', #527 ) ;
#312 = AXIS2_PLACEMENT_3D ( 'NONE', #964, #1867, #2444 ) ;
#313 = DIRECTION ( 'NONE',  ( 0.000000000000000000, 1.000000000000000000, 0.000000000000000000 ) ) ;
#314 = CIRCLE ( 'NONE', #2046, 14.00000000000000000 ) ;
#315 = AXIS2_PLACEMENT_3D ( 'NONE', #528, #1764, #954 ) ;
#316 = DIRECTION ( 'NONE',  ( 0.000000000000000000, 1.000000000000000000, 0.000000000000000000 ) ) ;
#317 = CARTESIAN_POINT ( 'NONE',  ( 0.000000000000000000, 12.50000000000000000, -14.49999999999999822 ) ) ;
#318 = ORIENTED_EDGE ( 'NONE', *, *, #250, .F. ) ;
#319 = DIRECTION ( 'NONE',  ( 1.000000000000000000, 0.000000000000000000, 0.000000000000000000 ) ) ;
#320 = CARTESIAN_POINT ( 'NONE',  ( 0.3239597992692939132, 17.99045080557666410, -15.00000000000000000 ) ) ;
#321 = CARTESIAN_POINT ( 'NONE',  ( -4.837818440516088891, 13.80615000410751669, -13.14194588434915367 ) ) ;
#322 = ORIENTED_EDGE ( 'NONE', *, *, #1114, .T. ) ;
#323 = DIRECTION ( 'NONE',  ( -1.000000000000000000, 0.000000000000000000, 0.000000000000000000 ) ) ;
#324 = DIRECTION ( 'NONE',  ( 0.000000000000000000, 0.000000000000000000, -1.000000000000000000 ) ) ;
#325 = EDGE_CURVE ( 'NONE', #2079, #1958, #461, .T. ) ;
#326 = COORDINATED_UNIVERSAL_TIME_OFFSET ( 5, 30, .AHEAD. ) ;
#327 = CARTESIAN_POINT ( 'NONE',  ( 0.000000000000000000, 4.000000000000000000, 0.000000000000000000 ) ) ;
#328 = EDGE_LOOP ( 'NONE', ( #1408, #2004 ) ) ;
#329 = FACE_OUTER_BOUND ( 'NONE', #593, .T. ) ;
#330 = AXIS2_PLACEMENT_3D ( 'NONE', #824, #1250, #406 ) ;
#331 = CARTESIAN_POINT ( 'NONE',  ( 13.96885424395604680, 20.00000000000000000, -0.9333333333333333481 ) ) ;
#332 = ORIENTED_EDGE ( 'NONE', *, *, #1185, .F. ) ;
#333 = DIRECTION ( 'NONE',  ( 0.000000000000000000, 0.000000000000000000, 1.000000000000000000 ) ) ;
#334 = CARTESIAN_POINT ( 'NONE',  ( -5.000015749596091297, 12.83103971003516897, -13.08099165558456356 ) ) ;
#335 = ORIENTED_EDGE ( 'NONE', *, *, #493, .T. ) ;
#336 =( BOUNDED_SURFACE ( )  B_SPLINE_SURFACE ( 3, 2, ( 
 ( #1349, #1553, #1712 ),
 ( #506, #307, #2545 ),
 ( #262, #1521, #1973 ),
 ( #2338, #1331, #1122 ),
 ( #1302, #533, #1942 ),
 ( #491, #1092, #1738 ),
 ( #100, #934, #1537 ),
 ( #56, #291, #891 ),
 ( #1956, #86, #2588 ),
 ( #719, #1182, #355 ),
 ( #549, #564, #1382 ),
 ( #129, #2440, #1794 ),
 ( #142, #2426, #1780 ),
 ( #971, #1987, #1396 ),
 ( #1808, #2641, #2410 ),
 ( #1169, #2012, #1998 ),
 ( #116, #773, #959 ),
 ( #2207, #1611, #947 ),
 ( #2617, #2220, #748 ),
 ( #1582, #340, #2631 ),
 ( #761, #1595, #380 ),
 ( #2015, #963, #158 ),
 ( #787, #1629, #1207 ),
 ( #988, #344, #357 ),
 ( #1637, #1172, #1601 ),
 ( #144, #169, #1810 ),
 ( #2222, #1008, #2001 ),
 ( #2651, #2049, #1386 ),
 ( #777, #1411, #1187 ),
 ( #2643, #2245, #2035 ),
 ( #1844, #2442, #2454 ),
 ( #1422, #1196, #1615 ),
 ( #2210, #2675, #579 ),
 ( #601, #975, #132 ),
 ( #2236, #996, #371 ),
 ( #1833, #2026, #592 ) ),
 .UNSPECIFIED., .F., .F., .F. ) 
 B_SPLINE_SURFACE_WITH_KNOTS ( ( 4, 2, 2, 2, 2, 2, 2, 2, 2, 2, 2, 2, 2, 2, 2, 2, 2, 4 ),
 ( 3, 3 ),
 ( 0.01076397397948012681, 0.01175264766175385805, 0.01274132134402758756, 0.01372999502630131707, 0.01471866870857504658, 0.01570734239084877609, 0.01669601607312250560, 0.01768468975539623511, 0.01817902659653310160, 0.01867336343766996462, 0.01966203711994369413, 0.02065071080221742711, 0.02163938448449115662, 0.02262805816676488613, 0.02361673184903861564, 0.02460540553131234515, 0.02559407921358607466, 0.02658275289585980417 ),
 ( 0.000000000000000000, 1.000000000000000000 ),
 .UNSPECIFIED. ) 
 GEOMETRIC_REPRESENTATION_ITEM ( )  RATIONAL_B_SPLINE_SURFACE ( (
 ( 1.000000000000000000, 0.7096590443944141846, 1.000000000000000000),
 ( 1.000000000000000000, 0.7118848930565420119, 1.000000000000000000),
 ( 1.000000000000000000, 0.7154986197200264852, 1.000000000000000000),
 ( 1.000000000000000000, 0.7248633807176555477, 1.000000000000000000),
 ( 1.000000000000000000, 0.7306600516024965852, 1.000000000000000000),
 ( 1.000000000000000000, 0.7435972971476352278, 1.000000000000000000),
 ( 1.000000000000000000, 0.7506256394013103295, 1.000000000000000000),
 ( 1.000000000000000000, 0.7650626080761570025, 1.000000000000000000),
 ( 1.000000000000000000, 0.7725430868644377336, 1.000000000000000000),
 ( 1.000000000000000000, 0.7868134477663309978, 1.000000000000000000),
 ( 1.000000000000000000, 0.7936093437888126489, 1.000000000000000000),
 ( 1.000000000000000000, 0.8059827577590602532, 1.000000000000000000),
 ( 1.000000000000000000, 0.8116023739689013361, 1.000000000000000000),
 ( 1.000000000000000000, 0.8207326381663433423, 1.000000000000000000),
 ( 1.000000000000000000, 0.8242967469023887439, 1.000000000000000000),
 ( 1.000000000000000000, 0.8279435981361519259, 1.000000000000000000),
 ( 1.000000000000000000, 0.8288756651290863919, 1.000000000000000000),
 ( 1.000000000000000000, 0.8301325765561270442, 1.000000000000000000),
 ( 1.000000000000000000, 0.8304523612435626978, 1.000000000000000000),
 ( 1.000000000000000000, 0.8304596308209633015, 1.000000000000000000),
 ( 1.000000000000000000, 0.8292181793327392247, 1.000000000000000000),
 ( 1.000000000000000000, 0.8243642697001914987, 1.000000000000000000),
 ( 1.000000000000000000, 0.8207027853598476419, 1.000000000000000000),
 ( 1.000000000000000000, 0.8115480799113736765, 1.000000000000000000),
 ( 1.000000000000000000, 0.8060416512033237169, 1.000000000000000000),
 ( 1.000000000000000000, 0.7935832052456652796, 1.000000000000000000),
 ( 1.000000000000000000, 0.7866750887157352157, 1.000000000000000000),
 ( 1.000000000000000000, 0.7724577516392654442, 1.000000000000000000),
 ( 1.000000000000000000, 0.7650932164515342748, 1.000000000000000000),
 ( 1.000000000000000000, 0.7505021668286122605, 1.000000000000000000),
 ( 1.000000000000000000, 0.7434574034922246666, 1.000000000000000000),
 ( 1.000000000000000000, 0.7306723002311285020, 1.000000000000000000),
 ( 1.000000000000000000, 0.7249040177051612188, 1.000000000000000000),
 ( 1.000000000000000000, 0.7154201781484496037, 1.000000000000000000),
 ( 1.000000000000000000, 0.7118585854110230926, 1.000000000000000000),
 ( 1.000000000000000000, 0.7096674835208999221, 1.000000000000000000) ) ) 
 REPRESENTATION_ITEM ( '' )  SURFACE ( )  );
#337 = CARTESIAN_POINT ( 'NONE',  ( 5.000000000000000000, 12.50000000000000000, -15.00000000000000000 ) ) ;
#338 = CARTESIAN_POINT ( 'NONE',  ( -13.76679897820234899, 4.384924346000690143, -0.9451810633263515449 ) ) ;
#339 = DIRECTION ( 'NONE',  ( 0.000000000000000000, -1.000000000000000000, 0.000000000000000000 ) ) ;
#340 = CARTESIAN_POINT ( 'NONE',  ( 5.000111615282227362, 12.19156751969053509, -13.08095505654593715 ) ) ;
#341 = ORIENTED_EDGE ( 'NONE', *, *, #838, .F. ) ;
#342 = CARTESIAN_POINT ( 'NONE',  ( -3.999072957823193164, 9.484822516772368317, -13.81829813619174807 ) ) ;
#343 = ADVANCED_BREP_SHAPE_REPRESENTATION ( 'pwh', ( #489, #1913 ), #1357 ) ;
#344 = CARTESIAN_POINT ( 'NONE',  ( 4.551148174725891948, 10.40615438343310473, -13.24412916787473549 ) ) ;
#345 = CYLINDRICAL_SURFACE ( 'NONE', #2637, 1.000000000000000000 ) ;
#346 = EDGE_CURVE ( 'NONE', #536, #1856, #301, .T. ) ;
#347 = DIRECTION ( 'NONE',  ( 1.000000000000000000, -0.000000000000000000, 0.000000000000000000 ) ) ;
#348 = ORIENTED_EDGE ( 'NONE', *, *, #2242, .T. ) ;
#349 = CARTESIAN_POINT ( 'NONE',  ( 0.000000000000000000, 1.000000000000000888, 0.000000000000000000 ) ) ;
#350 = FACE_OUTER_BOUND ( 'NONE', #1320, .T. ) ;
#351 = DIRECTION ( 'NONE',  ( 0.000000000000000000, 0.000000000000000000, -1.000000000000000000 ) ) ;
#352 = CARTESIAN_POINT ( 'NONE',  ( -13.09335400597666421, 4.000000000000000888, -0.9899455039481489527 ) ) ;
#353 = AXIS2_PLACEMENT_3D ( 'NONE', #1853, #1430, #2453 ) ;
#354 = COORDINATED_UNIVERSAL_TIME_OFFSET ( 5, 30, .AHEAD. ) ;
#355 = CARTESIAN_POINT ( 'NONE',  ( 4.211930598671946413, 15.86540806039830542, -13.35313040747251101 ) ) ;
#356 = CARTESIAN_POINT ( 'NONE',  ( -4.459942674539460583, 10.22113424440767204, -13.64591592416928378 ) ) ;
#357 = CARTESIAN_POINT ( 'NONE',  ( 4.857271758224374736, 10.25292618327071459, -13.13092562215732961 ) ) ;
#358 = CIRCLE ( 'NONE', #2696, 11.00000000000000000 ) ;
#359 = CARTESIAN_POINT ( 'NONE',  ( 5.385164807134506404, 1.000000000000000888, -13.99999999999999822 ) ) ;
#360 = EDGE_LOOP ( 'NONE', ( #1701, #751, #672, #2676, #2490 ) ) ;
#361 = CARTESIAN_POINT ( 'NONE',  ( -15.96440485023548383, 1.000000000000000888, -1.066666666666666874 ) ) ;
#362 = EDGE_CURVE ( 'NONE', #1282, #2667, #726, .T. ) ;
#363 = CARTESIAN_POINT ( 'NONE',  ( -0.5049599021252613174, 17.48410444718158985, -13.99437877168239730 ) ) ;
#364 = DIRECTION ( 'NONE',  ( 0.000000000000000000, 0.000000000000000000, 1.000000000000000000 ) ) ;
#365 = DIRECTION ( 'NONE',  ( 0.000000000000000000, 0.000000000000000000, 1.000000000000000000 ) ) ;
#366 = APPROVAL_DATE_TIME ( #1155, #1600 ) ;
#367 = EDGE_CURVE ( 'NONE', #2331, #512, #997, .T. ) ;
#368 = EDGE_LOOP ( 'NONE', ( #223, #1538, #2258 ) ) ;
#369 = EDGE_CURVE ( 'NONE', #1238, #1870, #1828, .T. ) ;
#370 = CARTESIAN_POINT ( 'NONE',  ( -3.624705049056102801, 15.95614182258400149, -13.94268835964158271 ) ) ;
#371 = CARTESIAN_POINT ( 'NONE',  ( 1.049411172483867283, 7.098412402259789644, -13.96417566273833266 ) ) ;
#372 = CARTESIAN_POINT ( 'NONE',  ( 4.992258348081099584, 12.17204682012850725, -15.10761721007727587 ) ) ;
#373 = CIRCLE ( 'NONE', #1883, 1.000000000000000000 ) ;
#374 = CARTESIAN_POINT ( 'NONE',  ( -14.96662954709576532, 1.000000000000000888, -1.000000000000000000 ) ) ;
#375 = DIRECTION ( 'NONE',  ( 0.000000000000000000, 0.000000000000000000, -1.000000000000000000 ) ) ;
#376 = CARTESIAN_POINT ( 'NONE',  ( 5.000000000000000888, 12.84131931773197266, -14.48663423480019397 ) ) ;
#377 = ADVANCED_FACE ( 'NONE', ( #745 ), #1575, .T. ) ;
#378 = CARTESIAN_POINT ( 'NONE',  ( -14.96662954709576532, 1.000000000000000000, -1.000000000000000000 ) ) ;
#379 = AXIS2_PLACEMENT_3D ( 'NONE', #984, #1642, #1816 ) ;
#380 = CARTESIAN_POINT ( 'NONE',  ( 5.281759108981006534, 11.84116024074197604, -12.96560100635224977 ) ) ;
#381 = ORIENTED_EDGE ( 'NONE', *, *, #104, .F. ) ;
#382 = DIRECTION ( 'NONE',  ( 0.3590109871423002863, 0.000000000000000000, -0.9333333333333334592 ) ) ;
#383 = VERTEX_POINT ( 'NONE', #561 ) ;
#384 = DIRECTION ( 'NONE',  ( 0.000000000000000000, 0.000000000000000000, 1.000000000000000000 ) ) ;
#385 = CARTESIAN_POINT ( 'NONE',  ( 5.385164807134506404, 24.00000000000000000, -13.99999999999999822 ) ) ;
#386 = CARTESIAN_POINT ( 'NONE',  ( 13.76550888199950684, 4.383282676896796737, -0.9452590419688465806 ) ) ;
#387 = AXIS2_PLACEMENT_3D ( 'NONE', #11, #2570, #1300 ) ;
#388 = ORIENTED_EDGE ( 'NONE', *, *, #2216, .F. ) ;
#389 = CARTESIAN_POINT ( 'NONE',  ( 14.96662954709576709, 5.000000000000000888, 0.000000000000000000 ) ) ;
#390 = LINE ( 'NONE', #1585, #1555 ) ;
#391 = EDGE_CURVE ( 'NONE', #1623, #1085, #869, .T. ) ;
#392 = ORIENTED_EDGE ( 'NONE', *, *, #2319, .F. ) ;
#393 = CIRCLE ( 'NONE', #750, 1.000000000000000000 ) ;
#394 = CARTESIAN_POINT ( 'NONE',  ( -4.965226982970430747, 11.81895237574629043, -14.49999999999999645 ) ) ;
#395 = ADVANCED_FACE ( 'NONE', ( #2639 ), #1220, .T. ) ;
#396 = ORIENTED_EDGE ( 'NONE', *, *, #569, .T. ) ;
#397 = CIRCLE ( 'NONE', #2657, 5.000000000000001776 ) ;
#398 = CARTESIAN_POINT ( 'NONE',  ( -0.7228505369266639002, 17.53624583449266083, -14.18635345288486249 ) ) ;
#399 = ORIENTED_EDGE ( 'NONE', *, *, #2501, .F. ) ;
#400 = DIRECTION ( 'NONE',  ( -0.000000000000000000, -1.000000000000000000, 0.000000000000000000 ) ) ;
#401 = ADVANCED_FACE ( 'NONE', ( #1565 ), #1791, .T. ) ;
#402 = CARTESIAN_POINT ( 'NONE',  ( 13.88366863657773287, 4.470403374243566041, 0.000000000000000000 ) ) ;
#403 = CARTESIAN_POINT ( 'NONE',  ( 5.000000000000000000, 12.49999999998615507, -13.41640786499873705 ) ) ;
#404 = CARTESIAN_POINT ( 'NONE',  ( 4.168895144583929735, 9.724129763523750469, -13.75681590176066749 ) ) ;
#405 = EDGE_LOOP ( 'NONE', ( #1744, #341, #1368, #2517 ) ) ;
#406 = DIRECTION ( 'NONE',  ( 0.9791208740244558006, 0.2032789070454331104, 0.000000000000000000 ) ) ;
#407 = VERTEX_POINT ( 'NONE', #2230 ) ;
#408 = AXIS2_PLACEMENT_3D ( 'NONE', #868, #200, #2111 ) ;
#409 = ORIENTED_EDGE ( 'NONE', *, *, #499, .F. ) ;
#410 = CARTESIAN_POINT ( 'NONE',  ( 16.02010416592761644, 20.59353183948975641, 0.1830715562627963366 ) ) ;
#411 = AXIS2_PLACEMENT_3D ( 'NONE', #1265, #2064, #669 ) ;
#412 = ORIENTED_EDGE ( 'NONE', *, *, #1813, .T. ) ;
#413 = CARTESIAN_POINT ( 'NONE',  ( -0.7228523321980873106, 7.463756156930957175, -14.18635592276019786 ) ) ;
#414 = APPROVAL_DATE_TIME ( #1230, #2555 ) ;
#415 = SPHERICAL_SURFACE ( 'NONE', #1618, 1.000000000000000000 ) ;
#416 = FACE_OUTER_BOUND ( 'NONE', #328, .T. ) ;
#417 = AXIS2_PLACEMENT_3D ( 'NONE', #1696, #2488, #226 ) ;
#418 = CARTESIAN_POINT ( 'NONE',  ( 0.7353407939658487269, 17.53535940614256461, -14.79353474786368494 ) ) ;
#419 =( BOUNDED_SURFACE ( )  B_SPLINE_SURFACE ( 3, 2, ( 
 ( #2205, #1328, #1393 ),
 ( #352, #2010, #1954 ),
 ( #305, #83, #1139 ),
 ( #2614, #915, #2393 ),
 ( #945, #1753, #1566 ),
 ( #531, #1779, #2586 ),
 ( #717, #746, #1551 ),
 ( #338, #1970, #1766 ),
 ( #2408, #548, #99 ),
 ( #1379, #1168, #2380 ),
 ( #2481, #1624, #166 ),
 ( #1864, #2470, #2272 ) ),
 .UNSPECIFIED., .F., .F., .T. ) 
 B_SPLINE_SURFACE_WITH_KNOTS ( ( 4, 2, 2, 2, 2, 4 ),
 ( 3, 3 ),
 ( 0.001350958859638309948, 0.002133759652369220973, 0.002525160048734676702, 0.002916560445100132432, 0.003699361237831043890, 0.004482162030561955349 ),
 ( 0.000000000000000000, 1.000000000000000000 ),
 .UNSPECIFIED. ) 
 GEOMETRIC_REPRESENTATION_ITEM ( )  RATIONAL_B_SPLINE_SURFACE ( (
 ( 1.000000000000000000, 0.7071067811865475727, 1.000000000000000000),
 ( 1.000000000000000000, 0.7106649554597926910, 1.000000000000000000),
 ( 1.000000000000000000, 0.7139676361497780954, 1.000000000000000000),
 ( 1.000000000000000000, 0.7183126789912549492, 1.000000000000000000),
 ( 1.000000000000000000, 0.7196445423984039191, 1.000000000000000000),
 ( 1.000000000000000000, 0.7221063312243787280, 1.000000000000000000),
 ( 1.000000000000000000, 0.7232405611912956500, 1.000000000000000000),
 ( 1.000000000000000000, 0.7262323639812382492, 1.000000000000000000),
 ( 1.000000000000000000, 0.7277614559189128363, 1.000000000000000000),
 ( 1.000000000000000000, 0.7297822745413701240, 1.000000000000000000),
 ( 1.000000000000000000, 0.7303015380386643773, 1.000000000000000000),
 ( 1.000000000000000000, 0.7302967433402215436, 1.000000000000000000) ) ) 
 REPRESENTATION_ITEM ( '' )  SURFACE ( )  );
#420 = ORIENTED_EDGE ( 'NONE', *, *, #2036, .T. ) ;
#421 = CARTESIAN_POINT ( 'NONE',  ( 4.895604370122278226, 11.48360546477283606, -14.99999999999999822 ) ) ;
#422 = ORIENTED_EDGE ( 'NONE', *, *, #2023, .F. ) ;
#423 = CARTESIAN_POINT ( 'NONE',  ( 15.98867642540597878, 21.24699276673216630, -0.6072307214132052211 ) ) ;
#424 = CC_DESIGN_DATE_AND_TIME_ASSIGNMENT ( #2219, #2395, ( #1698 ) ) ;
#425 = EDGE_LOOP ( 'NONE', ( #94, #2246, #2050, #734 ) ) ;
#426 = CARTESIAN_POINT ( 'NONE',  ( 16.03567451457776727, 20.12032905019932016, 1.642916772636983378E-09 ) ) ;
#427 = AXIS2_PLACEMENT_3D ( 'NONE', #1417, #1448, #596 ) ;
#428 = ORIENTED_EDGE ( 'NONE', *, *, #2455, .T. ) ;
#429 = CARTESIAN_POINT ( 'NONE',  ( 5.614639933787135107, 12.69482884221677210, -14.97331454623951430 ) ) ;
#430 = CARTESIAN_POINT ( 'NONE',  ( 13.80329633237647080, 4.357993939024639829, 0.000000000000000000 ) ) ;
#431 = CARTESIAN_POINT ( 'NONE',  ( 3.639804066595389020, 8.481997811886424543, -13.52085990188544784 ) ) ;
#432 = CARTESIAN_POINT ( 'NONE',  ( 0.000000000000000000, 4.000000000000000000, 0.000000000000000000 ) ) ;
#433 = AXIS2_PLACEMENT_3D ( 'NONE', #1204, #2043, #365 ) ;
#434 = ORIENTED_EDGE ( 'NONE', *, *, #1616, .T. ) ;
#435 = CARTESIAN_POINT ( 'NONE',  ( -14.56308055050478778, 3.768551941642385827, 0.000000000000000000 ) ) ;
#436 = ORIENTED_EDGE ( 'NONE', *, *, #1166, .T. ) ;
#437 = ADVANCED_FACE ( 'NONE', ( #140 ), #2045, .T. ) ;
#438 = CYLINDRICAL_SURFACE ( 'NONE', #1940, 1.000000000000000888 ) ;
#439 = ORIENTED_EDGE ( 'NONE', *, *, #1257, .F. ) ;
#440 = CC_DESIGN_SECURITY_CLASSIFICATION ( #1698, ( #1441 ) ) ;
#441 = CARTESIAN_POINT ( 'NONE',  ( -0.2159764550617746526, 7.004550716393675103, -13.99833397840110649 ) ) ;
#442 = EDGE_CURVE ( 'NONE', #106, #187, #393, .T. ) ;
#443 = CARTESIAN_POINT ( 'NONE',  ( -0.8239597992693180606, 17.43164173974428977, -14.58368621599374571 ) ) ;
#444 = CARTESIAN_POINT ( 'NONE',  ( 5.595165164112520628, 12.12067352554773336, -14.97850420165992880 ) ) ;
#445 = AXIS2_PLACEMENT_3D ( 'NONE', #1353, #1542, #511 ) ;
#446 = AXIS2_PLACEMENT_3D ( 'NONE', #1468, #1868, #2528 ) ;
#447 = AXIS2_PLACEMENT_3D ( 'NONE', #1164, #123, #727 ) ;
#448 = DIRECTION ( 'NONE',  ( -0.000000000000000000, 1.000000000000000000, -0.000000000000000000 ) ) ;
#449 = CARTESIAN_POINT ( 'NONE',  ( -15.97422353875616530, 21.00861050645996286, 0.9197139992396602404 ) ) ;
#450 = EDGE_CURVE ( 'NONE', #281, #1001, #309, .T. ) ;
#451 = DIRECTION ( 'NONE',  ( 0.000000000000000000, 0.000000000000000000, -1.000000000000000000 ) ) ;
#452 = ADVANCED_FACE ( 'NONE', ( #944 ), #2629, .T. ) ;
#453 = CARTESIAN_POINT ( 'NONE',  ( -4.930413775366247364, 11.65126976296353156, -14.49999998610245910 ) ) ;
#454 = EDGE_LOOP ( 'NONE', ( #146, #1858, #1309, #1152 ) ) ;
#455 = DIRECTION ( 'NONE',  ( 0.000000000000000000, 0.000000000000000000, 1.000000000000000000 ) ) ;
#456 = ORIENTED_EDGE ( 'NONE', *, *, #95, .F. ) ;
#457 = CARTESIAN_POINT ( 'NONE',  ( 5.000000000000000000, 12.49999999999999112, -14.48663423480017620 ) ) ;
#458 = ORIENTED_EDGE ( 'NONE', *, *, #2611, .F. ) ;
#459 = VERTEX_POINT ( 'NONE', #1578 ) ;
#460 = CARTESIAN_POINT ( 'NONE',  ( -0.9003126172458065790, 7.068146503401776748, -13.97498246872021710 ) ) ;
#461 = B_SPLINE_CURVE_WITH_KNOTS ( 'NONE', 3,
 ( #928, #1775, #1355, #1763 ),
 .UNSPECIFIED., .F., .F.,
 ( 4, 4 ),
 ( 0.000000000000000000, 2.470096109104719150E-05 ),
 .UNSPECIFIED. ) ;
#462 = CYLINDRICAL_SURFACE ( 'NONE', #1481, 5.000000000000001776 ) ;
#463 = CARTESIAN_POINT ( 'NONE',  ( -15.96440485103076057, 20.26190567759752170, -1.066666654764027555 ) ) ;
#464 = CARTESIAN_POINT ( 'NONE',  ( 3.998910314239298103, 9.484685374322406659, -13.81834516034979821 ) ) ;
#465 = CC_DESIGN_PERSON_AND_ORGANIZATION_ASSIGNMENT ( #1955, #85, ( #1441 ) ) ;
#466 = DIRECTION ( 'NONE',  ( 0.000000000000000000, 0.000000000000000000, 1.000000000000000000 ) ) ;
#467 = ORIENTED_EDGE ( 'NONE', *, *, #1027, .T. ) ;
#468 = CARTESIAN_POINT ( 'NONE',  ( 0.000000000000000000, 1.000000000000000000, 0.000000000000000000 ) ) ;
#469 = CARTESIAN_POINT ( 'NONE',  ( 13.48873108419664213, 3.052883242284269993, 0.000000000000000000 ) ) ;
#470 = VERTEX_POINT ( 'NONE', #1192 ) ;
#471 = EDGE_LOOP ( 'NONE', ( #1097, #1903, #76 ) ) ;
#472 = CARTESIAN_POINT ( 'NONE',  ( 15.96440485023548383, 25.00000000000000000, -1.066666666666666874 ) ) ;
#473 = CARTESIAN_POINT ( 'NONE',  ( -5.385164807134506404, 11.38196601125010865, -15.00000000000000000 ) ) ;
#474 = DIRECTION ( 'NONE',  ( -0.000000000000000000, -1.000000000000000000, -0.000000000000000000 ) ) ;
#475 = CARTESIAN_POINT ( 'NONE',  ( 0.8239597992692869743, 17.93339035402794224, -13.97573219009251488 ) ) ;
#476 = CARTESIAN_POINT ( 'NONE',  ( -16.00031248281052143, 20.87543173555240372, 0.4952961661950420202 ) ) ;
#477 = DIRECTION ( 'NONE',  ( 0.000000000000000000, 1.000000000000000000, 0.000000000000000000 ) ) ;
#478 = DIRECTION ( 'NONE',  ( 0.000000000000000000, 0.000000000000000000, 1.000000000000000000 ) ) ;
#479 = DIRECTION ( 'NONE',  ( -0.3590109871423002863, 0.000000000000000000, -0.9333333333333334592 ) ) ;
#480 = VECTOR ( 'NONE', #156, 1000.000000000000000 ) ;
#481 = CARTESIAN_POINT ( 'NONE',  ( 15.99908390910963973, 21.60994486616730015, -0.2065087537828731168 ) ) ;
#482 = ORIENTED_EDGE ( 'NONE', *, *, #2501, .T. ) ;
#483 = ORIENTED_EDGE ( 'NONE', *, *, #1612, .T. ) ;
#484 = CARTESIAN_POINT ( 'NONE',  ( -2.629293326302085010, 8.244159914071076400, -14.20946757761228696 ) ) ;
#485 = CARTESIAN_POINT ( 'NONE',  ( 0.000000000000000000, 1.000000000000000000, 0.000000000000000000 ) ) ;
#486 = PLANE ( 'NONE',  #488 ) ;
#487 = EDGE_CURVE ( 'NONE', #136, #1158, #771, .T. ) ;
#488 = AXIS2_PLACEMENT_3D ( 'NONE', #631, #2334, #2099 ) ;
#489 = MANIFOLD_SOLID_BREP ( 'Fillet6', #242 ) ;
#490 = CARTESIAN_POINT ( 'NONE',  ( -0.8233496721738829960, 7.568256361353403960, -14.47168736996383487 ) ) ;
#491 = CARTESIAN_POINT ( 'NONE',  ( 2.653611971461896424, 16.74828791022830998, -14.20619852680406225 ) ) ;
#492 = CARTESIAN_POINT ( 'NONE',  ( -4.991277959264572850, 12.15909870269816295, -14.48918526959126218 ) ) ;
#493 = EDGE_CURVE ( 'NONE', #2312, #2314, #1607, .T. ) ;
#494 = CARTESIAN_POINT ( 'NONE',  ( -4.118153805265860612, 15.98921920746150249, -13.38265274297209828 ) ) ;
#495 = DIRECTION ( 'NONE',  ( -0.000000000000000000, -0.000000000000000000, -1.000000000000000000 ) ) ;
#496 = ORIENTED_EDGE ( 'NONE', *, *, #1770, .T. ) ;
#497 = ORIENTED_EDGE ( 'NONE', *, *, #2133, .T. ) ;
#498 = CARTESIAN_POINT ( 'NONE',  ( -4.274569450811262605, 9.218244392764434636, -13.33285251566180918 ) ) ;
#499 = EDGE_CURVE ( 'NONE', #615, #1283, #1087, .T. ) ;
#500 = DIRECTION ( 'NONE',  ( 1.000000000000000000, 0.000000000000000000, 0.000000000000000000 ) ) ;
#501 = DIRECTION ( 'NONE',  ( -1.000000000000000000, 0.000000000000000000, 0.000000000000000000 ) ) ;
#502 = CARTESIAN_POINT ( 'NONE',  ( -4.967192005897283380, 13.15968321240802474, -13.09365729100599829 ) ) ;
#503 = CARTESIAN_POINT ( 'NONE',  ( 0.000000000000000000, 0.000000000000000000, -15.00000000000000000 ) ) ;
#504 = ADVANCED_FACE ( 'NONE', ( #758 ), #2180, .T. ) ;
#505 = CARTESIAN_POINT ( 'NONE',  ( -14.96662954709576709, 1.000000000000000888, -1.000000000000000222 ) ) ;
#506 = CARTESIAN_POINT ( 'NONE',  ( 0.9920816251826882759, 17.41004644933684986, -14.46269391853874176 ) ) ;
#507 = ORIENTED_EDGE ( 'NONE', *, *, #581, .F. ) ;
#508 = AXIS2_PLACEMENT_3D ( 'NONE', #1486, #1715, #1082 ) ;
#509 = FACE_OUTER_BOUND ( 'NONE', #1651, .T. ) ;
#510 = DIRECTION ( 'NONE',  ( -0.9333333333333333481, 0.000000000000000000, 0.3590109871423004528 ) ) ;
#511 = DIRECTION ( 'NONE',  ( 1.000000000000000000, 0.000000000000000000, 0.000000000000000000 ) ) ;
#512 = VERTEX_POINT ( 'NONE', #914 ) ;
#513 = AXIS2_PLACEMENT_3D ( 'NONE', #1488, #1902, #627 ) ;
#514 = CARTESIAN_POINT ( 'NONE',  ( -2.934092054644593883, 7.912479811397013840, -13.68980460800783128 ) ) ;
#515 = CARTESIAN_POINT ( 'NONE',  ( 2.223959632495683625, 16.98770423419718512, -14.29497240303442318 ) ) ;
#516 = DIRECTION ( 'NONE',  ( 0.000000000000000000, 1.000000000000000000, 0.000000000000000000 ) ) ;
#517 = CIRCLE ( 'NONE', #379, 15.00000000000000000 ) ;
#518 = CARTESIAN_POINT ( 'NONE',  ( -1.883081285607963506, 17.65444869861990185, -13.87626996306127047 ) ) ;
#519 = DIRECTION ( 'NONE',  ( 1.000000000000000000, 0.000000000000000000, 0.000000000000000000 ) ) ;
#520 = DIRECTION ( 'NONE',  ( 0.000000000000000000, 0.000000000000000000, 1.000000000000000000 ) ) ;
#521 = APPROVAL_STATUS ( 'not_yet_approved' ) ;
#522 = ORIENTED_EDGE ( 'NONE', *, *, #635, .T. ) ;
#523 = LINE ( 'NONE', #2000, #32 ) ;
#524 = SPHERICAL_SURFACE ( 'NONE', #1010, 1.000000000000000000 ) ;
#525 = DIRECTION ( 'NONE',  ( 0.000000000000000000, -8.673617379884035472E-16, -1.000000000000000000 ) ) ;
#526 = ORIENTED_EDGE ( 'NONE', *, *, #2521, .F. ) ;
#527 = CARTESIAN_POINT ( 'NONE',  ( 4.895604370122279114, 13.51639453522716749, -14.49999999999999822 ) ) ;
#528 = CARTESIAN_POINT ( 'NONE',  ( 0.000000000000000000, 5.000000000000000888, 0.000000000000000000 ) ) ;
#529 = CARTESIAN_POINT ( 'NONE',  ( -4.992061792118682284, 12.17540408878944724, -13.41999710004334823 ) ) ;
#530 = DIRECTION ( 'NONE',  ( 0.000000000000000000, 0.000000000000000000, -1.000000000000000000 ) ) ;
#531 = CARTESIAN_POINT ( 'NONE',  ( -13.57548835319560609, 4.204285455285527995, -0.9571279230499047941 ) ) ;
#532 = PERSON_AND_ORGANIZATION_ROLE ( 'classification_officer' ) ;
#533 = CARTESIAN_POINT ( 'NONE',  ( 2.062867390949163493, 17.06485144285723621, -13.85115039377450685 ) ) ;
#534 = CC_DESIGN_APPROVAL ( #1600, ( #1441 ) ) ;
#535 = AXIS2_PLACEMENT_3D ( 'NONE', #1179, #323, #2422 ) ;
#536 = VERTEX_POINT ( 'NONE', #1752 ) ;
#537 = AXIS2_PLACEMENT_3D ( 'NONE', #2237, #347, #1451 ) ;
#538 = DIRECTION ( 'NONE',  ( -0.000000000000000000, -1.000000000000000000, -0.000000000000000000 ) ) ;
#539 = VECTOR ( 'NONE', #1276, 1000.000000000000000 ) ;
#540 = CARTESIAN_POINT ( 'NONE',  ( -4.673828646592682823, 15.13357188519213459, -13.19811310740078447 ) ) ;
#541 = CARTESIAN_POINT ( 'NONE',  ( 0.000000000000000000, 5.000000000000000000, 0.000000000000000000 ) ) ;
#542 = VERTEX_POINT ( 'NONE', #2379 ) ;
#543 = LINE ( 'NONE', #1116, #919 ) ;
#544 = B_SPLINE_CURVE_WITH_KNOTS ( 'NONE', 3,
 ( #2486, #1457, #835, #624, #1675, #2502, #637, #1471, #1317, #2147, #1127, #1976, #693, #1160, #1759, #1109, #2354, #709, #296, #1541, #753, #1727, #2592, #2369, #540, #60, #494, #2340, #2196, #1960, #1370, #1990, #103, #936, #279, #1784 ),
 .UNSPECIFIED., .F., .F.,
 ( 4, 2, 2, 2, 2, 2, 2, 2, 2, 2, 2, 2, 2, 2, 2, 2, 2, 4 ),
 ( 0.000000000000000000, 0.001040747889545304023, 0.002081495779090608046, 0.003122243668635912503, 0.004162991558181216092, 0.005203739447726520549, 0.006244487337271825006, 0.007285235226817128595, 0.007805609171589780390, 0.008325983116362432185, 0.009366731005907732305, 0.01040747889545302896, 0.01144822678499832908, 0.01248897467454363093, 0.01352972256408893625, 0.01457047045363424158, 0.01561121834317954343, 0.01665196623272484702 ),
 .UNSPECIFIED. ) ;
#545 = CARTESIAN_POINT ( 'NONE',  ( -4.991609095254522011, 12.16633652847649927, -13.08420996137047254 ) ) ;
#546 = ORIENTED_EDGE ( 'NONE', *, *, #1991, .F. ) ;
#547 = DIRECTION ( 'NONE',  ( 0.000000000000000000, 0.000000000000000000, -1.000000000000000000 ) ) ;
#548 = CARTESIAN_POINT ( 'NONE',  ( -13.89047147026250961, 4.467897375142306338, 0.000000000000000000 ) ) ;
#549 = CARTESIAN_POINT ( 'NONE',  ( 4.138857667430491993, 15.32091047403827133, -13.76785386189328442 ) ) ;
#550 = ADVANCED_FACE ( 'NONE', ( #304 ), #731, .T. ) ;
#551 = ORIENTED_EDGE ( 'NONE', *, *, #2091, .T. ) ;
#552 = CARTESIAN_POINT ( 'NONE',  ( -3.624193093762016815, 9.043252367255689705, -13.94285882448202152 ) ) ;
#553 = CC_DESIGN_DATE_AND_TIME_ASSIGNMENT ( #1610, #946, ( #1845 ) ) ;
#554 = CARTESIAN_POINT ( 'NONE',  ( 0.000000000000000000, 5.000000000000000888, 0.000000000000000000 ) ) ;
#555 = CIRCLE ( 'NONE', #676, 5.500000000000000000 ) ;
#556 = FACE_OUTER_BOUND ( 'NONE', #198, .T. ) ;
#557 = CARTESIAN_POINT ( 'NONE',  ( -0.8239597992693179496, 7.568358260255712011, -14.49638058442373278 ) ) ;
#558 = VERTEX_POINT ( 'NONE', #649 ) ;
#559 = CARTESIAN_POINT ( 'NONE',  ( -5.593969039097546059, 12.11326888117011791, -14.97875371458515481 ) ) ;
#560 = CARTESIAN_POINT ( 'NONE',  ( -4.958580373000158303, 11.83644776062224935, -13.09674720294311001 ) ) ;
#561 = CARTESIAN_POINT ( 'NONE',  ( 15.96440485023548383, 1.000000000000000888, -1.066666666666666874 ) ) ;
#562 = DIRECTION ( 'NONE',  ( 0.000000000000000000, 0.000000000000000000, -1.000000000000000000 ) ) ;
#563 = SECURITY_CLASSIFICATION_LEVEL ( 'unclassified' ) ;
#564 = CARTESIAN_POINT ( 'NONE',  ( 4.098129845122505444, 15.38140154938546011, -13.39143850004983349 ) ) ;
#565 = ORIENTED_EDGE ( 'NONE', *, *, #1889, .T. ) ;
#566 = CARTESIAN_POINT ( 'NONE',  ( -4.999958368292994670, 12.79728398534588152, -13.41642663841611238 ) ) ;
#567 = CARTESIAN_POINT ( 'NONE',  ( -16.03567451474546601, 20.00000000000000355, 2.168404344971008868E-16 ) ) ;
#568 = TOROIDAL_SURFACE ( 'NONE', #2163, 5.500000000000000000, 0.5000000000000000000 ) ;
#569 = EDGE_CURVE ( 'NONE', #965, #1158, #134, .T. ) ;
#570 = CARTESIAN_POINT ( 'NONE',  ( 5.092509846561836362, 14.09162805825543252, -13.04144489596076184 ) ) ;
#571 = EDGE_LOOP ( 'NONE', ( #960, #1432, #318, #1846 ) ) ;
#572 = CARTESIAN_POINT ( 'NONE',  ( 5.000036506081502630, 12.66976156628298789, -14.48662475877460665 ) ) ;
#573 = CARTESIAN_POINT ( 'NONE',  ( 10.95445115010332238, 4.000000000000000000, -1.000000000000000000 ) ) ;
#574 = EDGE_CURVE ( 'NONE', #1554, #2314, #1852, .T. ) ;
#575 = DIRECTION ( 'NONE',  ( 0.000000000000000000, 0.000000000000000000, -1.000000000000000000 ) ) ;
#576 = CARTESIAN_POINT ( 'NONE',  ( 13.22608543612280485, 4.000000000000000000, -0.9798255274529347192 ) ) ;
#577 = AXIS2_PLACEMENT_3D ( 'NONE', #619, #591, #1636 ) ;
#578 = CARTESIAN_POINT ( 'NONE',  ( -2.731671395116741063, 8.301965907749819351, -14.18808912537063627 ) ) ;
#579 = CARTESIAN_POINT ( 'NONE',  ( 1.969567262580142808, 7.381458017494937351, -13.86416956413411050 ) ) ;
#580 = TOROIDAL_SURFACE ( 'NONE', #1869, 13.00000000000000178, 1.000000000000000000 ) ;
#581 = EDGE_CURVE ( 'NONE', #1623, #590, #1033, .T. ) ;
#582 = DIRECTION ( 'NONE',  ( 0.000000000000000000, 0.000000000000000000, -1.000000000000000000 ) ) ;
#583 = AXIS2_PLACEMENT_3D ( 'NONE', #349, #2360, #2627 ) ;
#584 = CARTESIAN_POINT ( 'NONE',  ( 5.385164807134506404, 1.000000000000000888, -14.00000000000000000 ) ) ;
#585 = EDGE_CURVE ( 'NONE', #2076, #725, #314, .T. ) ;
#586 = CARTESIAN_POINT ( 'NONE',  ( -0.8233496721738829960, 17.43174363864659782, -14.47168736996383487 ) ) ;
#587 = FACE_OUTER_BOUND ( 'NONE', #1613, .T. ) ;
#588 = CARTESIAN_POINT ( 'NONE',  ( 13.94242356269666949, 4.737051051673566882, -0.9348365001813322417 ) ) ;
#589 = ADVANCED_FACE ( 'NONE', ( #1496 ), #2184, .F. ) ;
#590 = VERTEX_POINT ( 'NONE', #1697 ) ;
#591 = DIRECTION ( 'NONE',  ( 0.000000000000000000, 1.000000000000000000, 0.000000000000000000 ) ) ;
#592 = CARTESIAN_POINT ( 'NONE',  ( 0.7344635636513489052, 7.052859096564346508, -13.98072112852797666 ) ) ;
#593 = EDGE_LOOP ( 'NONE', ( #1295, #2661, #1280, #812 ) ) ;
#594 = CARTESIAN_POINT ( 'NONE',  ( -0.8239597992693181716, 7.568358260255712899, -14.58368576673559325 ) ) ;
#595 = DIRECTION ( 'NONE',  ( 0.000000000000000000, 1.000000000000000000, 0.000000000000000000 ) ) ;
#596 = DIRECTION ( 'NONE',  ( -1.734723475976807094E-15, 0.000000000000000000, 1.000000000000000000 ) ) ;
#597 = CARTESIAN_POINT ( 'NONE',  ( 0.000000000000000000, 12.50000000000000000, -15.00000000000000000 ) ) ;
#598 = EDGE_CURVE ( 'NONE', #2532, #1332, #1917, .T. ) ;
#599 = CARTESIAN_POINT ( 'NONE',  ( 13.46788610512091289, 4.125580139979496685, -0.9639893296505243070 ) ) ;
#600 = CIRCLE ( 'NONE', #2114, 1.000000000000000000 ) ;
#601 = CARTESIAN_POINT ( 'NONE',  ( 1.280008336812647141, 7.657163359605563713, -14.43498409496520374 ) ) ;
#602 = PERSON ( 'UNSPECIFIED', 'UNSPECIFIED', 'UNSPECIFIED', ('UNSPECIFIED'), ('UNSPECIFIED'), ('UNSPECIFIED') ) ;
#603 = ORIENTED_EDGE ( 'NONE', *, *, #1053, .F. ) ;
#604 = CARTESIAN_POINT ( 'NONE',  ( -16.00000000000000000, 2.999999999999999112, 0.000000000000000000 ) ) ;
#605 = EDGE_LOOP ( 'NONE', ( #2578, #243, #170, #2190 ) ) ;
#606 = DIRECTION ( 'NONE',  ( -0.000000000000000000, 0.000000000000000000, 1.000000000000000000 ) ) ;
#607 = CC_DESIGN_PERSON_AND_ORGANIZATION_ASSIGNMENT ( #2630, #1381, ( #297 ) ) ;
#608 = DIRECTION ( 'NONE',  ( 1.000000000000000000, -0.000000000000000000, 0.000000000000000000 ) ) ;
#609 = CARTESIAN_POINT ( 'NONE',  ( 0.8239597992692869743, 17.93339035402794224, -13.97573219009251488 ) ) ;
#610 = CARTESIAN_POINT ( 'NONE',  ( 13.91788453345616006, 4.530399895021537837, -2.064380522052855628E-13 ) ) ;
#611 = DIRECTION ( 'NONE',  ( 0.000000000000000000, 0.000000000000000000, -1.000000000000000000 ) ) ;
#612 = ORIENTED_EDGE ( 'NONE', *, *, #793, .T. ) ;
#613 = FACE_OUTER_BOUND ( 'NONE', #1962, .T. ) ;
#614 = ORIENTED_EDGE ( 'NONE', *, *, #2233, .T. ) ;
#615 = VERTEX_POINT ( 'NONE', #665 ) ;
#616 = CARTESIAN_POINT ( 'NONE',  ( 14.99682114649679221, 20.75308834315095297, 0.3388524355430702073 ) ) ;
#617 = CARTESIAN_POINT ( 'NONE',  ( 0.000000000000000000, 21.00000000000000000, 15.00000000000000000 ) ) ;
#618 = CARTESIAN_POINT ( 'NONE',  ( 0.8239597992693179496, 7.568358260255712011, -14.49999999999999822 ) ) ;
#619 = CARTESIAN_POINT ( 'NONE',  ( 14.96662954709576532, 20.00000000000000000, -1.000000000000000000 ) ) ;
#620 = CARTESIAN_POINT ( 'NONE',  ( 0.8239597992692869743, 7.066609645972058651, -13.97573219009251488 ) ) ;
#621 = CARTESIAN_POINT ( 'NONE',  ( 1.118492261484178574, 7.617567615122078806, -14.45135420276690397 ) ) ;
#622 = EDGE_CURVE ( 'NONE', #1051, #1870, #1703, .T. ) ;
#623 = ORIENTED_EDGE ( 'NONE', *, *, #1620, .F. ) ;
#624 = CARTESIAN_POINT ( 'NONE',  ( -1.663874428922963444, 7.265023517736564962, -13.90472819861009057 ) ) ;
#625 = EDGE_LOOP ( 'NONE', ( #2563, #1228, #2365, #1949 ) ) ;
#626 = CIRCLE ( 'NONE', #1233, 1.000000000000000000 ) ;
#627 = DIRECTION ( 'NONE',  ( 0.000000000000000000, 0.000000000000000000, -1.000000000000000000 ) ) ;
#628 = ORIENTED_EDGE ( 'NONE', *, *, #195, .T. ) ;
#629 = CARTESIAN_POINT ( 'NONE',  ( -1.563157801044981587, 7.231849047095558980, -13.91643760086760473 ) ) ;
#630 = CARTESIAN_POINT ( 'NONE',  ( -13.96885424395604680, 20.00000000000000000, -0.9333333333333333481 ) ) ;
#631 = CARTESIAN_POINT ( 'NONE',  ( 0.8239597992693352690, 1.892958387636897533E-15, -15.00000000000000000 ) ) ;
#632 = CARTESIAN_POINT ( 'NONE',  ( 4.258396384557492809, 9.198442130891086421, -13.33827169864241391 ) ) ;
#633 = DIRECTION ( 'NONE',  ( -0.000000000000000000, 1.000000000000000000, -0.000000000000000000 ) ) ;
#634 = ADVANCED_FACE ( 'NONE', ( #2060 ), #2529, .T. ) ;
#635 = EDGE_CURVE ( 'NONE', #1856, #825, #1363, .T. ) ;
#636 = ORIENTED_EDGE ( 'NONE', *, *, #2424, .F. ) ;
#637 = CARTESIAN_POINT ( 'NONE',  ( -2.884731271962495125, 7.869440546889520327, -13.70233039127102437 ) ) ;
#638 = ORIENTED_EDGE ( 'NONE', *, *, #2626, .F. ) ;
#639 = CARTESIAN_POINT ( 'NONE',  ( -9.958591954639384625, 5.000000000000000000, -0.9090909090909089496 ) ) ;
#640 = VERTEX_POINT ( 'NONE', #2685 ) ;
#641 = CARTESIAN_POINT ( 'NONE',  ( 14.99438237676775998, 20.97402573293337369, 0.7383341797171386611 ) ) ;
#642 = VECTOR ( 'NONE', #229, 1000.000000000000000 ) ;
#643 = CARTESIAN_POINT ( 'NONE',  ( 3.415169930427049305, 16.16337984320909982, -14.00717883888199644 ) ) ;
#644 = CARTESIAN_POINT ( 'NONE',  ( 5.459152908156979400, 11.56015295448358415, -14.99999999999999822 ) ) ;
#645 = EDGE_CURVE ( 'NONE', #1706, #311, #1830, .T. ) ;
#646 = EDGE_CURVE ( 'NONE', #1837, #640, #977, .T. ) ;
#647 = CARTESIAN_POINT ( 'NONE',  ( -4.895604370122279114, 13.51639453522717638, -14.49999999999999822 ) ) ;
#648 = CARTESIAN_POINT ( 'NONE',  ( 5.093881508114180612, 10.91290798104425619, -13.04091008287258546 ) ) ;
#649 = CARTESIAN_POINT ( 'NONE',  ( -5.385164807134506404, 13.61803398874989313, -15.00000000000000000 ) ) ;
#650 = AXIS2_PLACEMENT_3D ( 'NONE', #165, #2261, #202 ) ;
#651 = ORIENTED_EDGE ( 'NONE', *, *, #622, .F. ) ;
#652 = CARTESIAN_POINT ( 'NONE',  ( 4.930409585834895303, 11.65124958350833673, -14.49999998604532259 ) ) ;
#653 = ORIENTED_EDGE ( 'NONE', *, *, #1597, .T. ) ;
#654 = CARTESIAN_POINT ( 'NONE',  ( 14.96662954709576709, 4.867770624239818211, -0.000000000000000000 ) ) ;
#655 = ORIENTED_EDGE ( 'NONE', *, *, #1760, .F. ) ;
#656 = CARTESIAN_POINT ( 'NONE',  ( 16.02553464397854199, 20.47854111193021609, 0.1126125889104483968 ) ) ;
#657 = VECTOR ( 'NONE', #1996, 1000.000000000000000 ) ;
#658 = CARTESIAN_POINT ( 'NONE',  ( 0.000000000000000000, 12.50000000000000000, -14.49999999999999822 ) ) ;
#659 = CYLINDRICAL_SURFACE ( 'NONE', #1660, 5.000000000000000000 ) ;
#660 = AXIS2_PLACEMENT_3D ( 'NONE', #1129, #2607, #61 ) ;
#661 = CIRCLE ( 'NONE', #1223, 16.00000000000000000 ) ;
#662 = AXIS2_PLACEMENT_3D ( 'NONE', #503, #759, #2423 ) ;
#663 = DIRECTION ( 'NONE',  ( 0.9977753031397177397, 0.000000000000000000, 0.06666666666666670737 ) ) ;
#664 = CARTESIAN_POINT ( 'NONE',  ( -14.98855229130428057, 20.60985401877644208, 0.2047938514240058294 ) ) ;
#665 = CARTESIAN_POINT ( 'NONE',  ( -13.96885424395604680, 5.000000000000000888, -0.9333333333333333481 ) ) ;
#666 = CARTESIAN_POINT ( 'NONE',  ( -5.614915505657734229, 12.31326227708871457, -14.97324951753408939 ) ) ;
#667 = B_SPLINE_CURVE_WITH_KNOTS ( 'NONE', 3,
 ( #994, #772, #1608, #1827, #806, #609 ),
 .UNSPECIFIED., .F., .F.,
 ( 4, 2, 4 ),
 ( 0.000000000000000000, 0.0003898021618156000557, 0.0007796043236312001114 ),
 .UNSPECIFIED. ) ;
#668 = VERTEX_POINT ( 'NONE', #1755 ) ;
#669 = DIRECTION ( 'NONE',  ( -1.000000000000000000, -8.673617379884027583E-16, 0.000000000000000000 ) ) ;
#670 = CARTESIAN_POINT ( 'NONE',  ( -16.00000000000000000, 2.999999999999999112, 0.000000000000000000 ) ) ;
#671 = EDGE_LOOP ( 'NONE', ( #2256, #456, #1916 ) ) ;
#672 = ORIENTED_EDGE ( 'NONE', *, *, #1760, .T. ) ;
#673 = FACE_OUTER_BOUND ( 'NONE', #625, .T. ) ;
#674 = DIRECTION ( 'NONE',  ( 0.000000000000000000, -1.000000000000000000, 0.000000000000000000 ) ) ;
#675 = DIRECTION ( 'NONE',  ( 0.000000000000000000, 0.000000000000000000, 1.000000000000000000 ) ) ;
#676 = AXIS2_PLACEMENT_3D ( 'NONE', #224, #455, #1037 ) ;
#677 = ADVANCED_FACE ( 'NONE', ( #902 ), #706, .F. ) ;
#678 = CARTESIAN_POINT ( 'NONE',  ( 0.000000000000000000, 21.00000000000000000, -14.00000000000000000 ) ) ;
#679 = CARTESIAN_POINT ( 'NONE',  ( -16.00756376984227458, 20.79152027124938229, 0.3737356046060041348 ) ) ;
#680 = DIRECTION ( 'NONE',  ( 0.000000000000000000, -1.000000000000000000, 0.000000000000000000 ) ) ;
#681 = CARTESIAN_POINT ( 'NONE',  ( -5.595464656474582021, 12.87610511702924754, -14.97840792022981482 ) ) ;
#682 = EDGE_CURVE ( 'NONE', #2397, #1487, #176, .T. ) ;
#683 = CARTESIAN_POINT ( 'NONE',  ( 12.96148139681572076, 3.000000000000000000, -1.000000000000000000 ) ) ;
#684 = CARTESIAN_POINT ( 'NONE',  ( 15.96440485023548383, 22.00000000000000355, 1.066666666666666652 ) ) ;
#685 = ORIENTED_EDGE ( 'NONE', *, *, #1647, .T. ) ;
#686 = ORIENTED_EDGE ( 'NONE', *, *, #2569, .F. ) ;
#687 = CARTESIAN_POINT ( 'NONE',  ( -4.247601240078830109, 9.856583929024008484, -13.34417063154698724 ) ) ;
#688 = SPHERICAL_SURFACE ( 'NONE', #2289, 1.000000000000000000 ) ;
#689 = DIRECTION ( 'NONE',  ( 1.000000000000000000, 2.297391680171193996E-15, 0.000000000000000000 ) ) ;
#690 = EDGE_CURVE ( 'NONE', #1487, #383, #1485, .T. ) ;
#691 = CARTESIAN_POINT ( 'NONE',  ( -15.96541211220392853, 20.27068565639498843, -1.051878190699475413 ) ) ;
#692 = CARTESIAN_POINT ( 'NONE',  ( 14.96662954709576532, 20.00000000000000000, -1.000000000000000000 ) ) ;
#693 = CARTESIAN_POINT ( 'NONE',  ( -4.823038530896731402, 10.17318183712560220, -13.14362641459067760 ) ) ;
#694 = CIRCLE ( 'NONE', #2567, 1.000000000000000000 ) ;
#695 = DIRECTION ( 'NONE',  ( -0.000000000000000000, -0.000000000000000000, -1.000000000000000000 ) ) ;
#696 = VERTEX_POINT ( 'NONE', #2349 ) ;
#697 = ORIENTED_EDGE ( 'NONE', *, *, #1726, .F. ) ;
#698 = CARTESIAN_POINT ( 'NONE',  ( -4.755496086760352625, 10.92298417325631377, -13.52426948494827919 ) ) ;
#699 =( BOUNDED_SURFACE ( )  B_SPLINE_SURFACE ( 3, 2, ( 
 ( #1769, #2412, #752 ),
 ( #949, #1782, #1439 ),
 ( #808, #2683, #2263 ),
 ( #2674, #610, #2472 ),
 ( #2244, #402, #2290 ),
 ( #1031, #430, #2275 ),
 ( #1007, #1866, #1645 ),
 ( #1045, #2071, #1244 ),
 ( #599, #1656, #205 ),
 ( #1670, #1231, #1259 ),
 ( #819, #2698, #832 ),
 ( #2086, #2058, #2048 ) ),
 .UNSPECIFIED., .F., .F., .F. ) 
 B_SPLINE_SURFACE_WITH_KNOTS ( ( 4, 2, 2, 2, 2, 4 ),
 ( 3, 3 ),
 ( 0.001340751089686138559, 0.002123575981620419439, 0.002514988427587560096, 0.002906400873554700753, 0.003689225765488982067, 0.004472050657423263381 ),
 ( 0.000000000000000000, 1.000000000000000000 ),
 .UNSPECIFIED. ) 
 GEOMETRIC_REPRESENTATION_ITEM ( )  RATIONAL_B_SPLINE_SURFACE ( (
 ( 1.000000000000000000, 0.7302967433402215436, 1.000000000000000000),
 ( 1.000000000000000000, 0.7302983934676148259, 1.000000000000000000),
 ( 1.000000000000000000, 0.7297858677390851589, 1.000000000000000000),
 ( 1.000000000000000000, 0.7282586626549985009, 1.000000000000000000),
 ( 1.000000000000000000, 0.7276303450757836133, 1.000000000000000000),
 ( 1.000000000000000000, 0.7261175486696024306, 1.000000000000000000),
 ( 1.000000000000000000, 0.7252249522703293483, 1.000000000000000000),
 ( 1.000000000000000000, 0.7222312126091237072, 1.000000000000000000),
 ( 1.000000000000000000, 0.7197316332549421602, 1.000000000000000000),
 ( 1.000000000000000000, 0.7139736053349750033, 1.000000000000000000),
 ( 1.000000000000000000, 0.7106362781559458774, 1.000000000000000000),
 ( 1.000000000000000000, 0.7071067811865475727, 1.000000000000000000) ) ) 
 REPRESENTATION_ITEM ( '' )  SURFACE ( )  );
#700 = EDGE_CURVE ( 'NONE', #1837, #2372, #661, .T. ) ;
#701 = FACE_OUTER_BOUND ( 'NONE', #1860, .T. ) ;
#702 = CARTESIAN_POINT ( 'NONE',  ( -5.385164807134506404, 0.000000000000000000, -15.00000000000000000 ) ) ;
#703 = CARTESIAN_POINT ( 'NONE',  ( -3.591378667710374284, 16.55520711183999794, -13.53216051916468921 ) ) ;
#704 = AXIS2_PLACEMENT_3D ( 'NONE', #1519, #474, #1299 ) ;
#705 = DIRECTION ( 'NONE',  ( 0.000000000000000000, 0.000000000000000000, 1.000000000000000000 ) ) ;
#706 = PLANE ( 'NONE',  #789 ) ;
#707 = ORIENTED_EDGE ( 'NONE', *, *, #84, .F. ) ;
#708 = CARTESIAN_POINT ( 'NONE',  ( -5.385164807134504628, 13.61803398874989490, -15.00000000000000000 ) ) ;
#709 = CARTESIAN_POINT ( 'NONE',  ( -5.302310963963620338, 12.15186145032547316, -12.95707479686865859 ) ) ;
#710 = CARTESIAN_POINT ( 'NONE',  ( -5.744175794276807245, 24.00000000000000000, -14.93333333333333357 ) ) ;
#711 = ORIENTED_EDGE ( 'NONE', *, *, #1545, .T. ) ;
#712 = CARTESIAN_POINT ( 'NONE',  ( -4.788632921018447064, 10.11619406037878299, -13.15583052662615238 ) ) ;
#713 = CARTESIAN_POINT ( 'NONE',  ( 1.403273846841248229, 17.30796845671696005, -14.42084800279038426 ) ) ;
#714 = FACE_OUTER_BOUND ( 'NONE', #1025, .T. ) ;
#715 = CARTESIAN_POINT ( 'NONE',  ( -1.773031080704333906, 17.18586245380056354, -14.37185103225790961 ) ) ;
#716 = DIRECTION ( 'NONE',  ( 0.000000000000000000, -1.000000000000000000, 0.000000000000000000 ) ) ;
#717 = CARTESIAN_POINT ( 'NONE',  ( -13.62735102084676519, 4.246509774667400094, -0.9538481703944021728 ) ) ;
#718 = DIRECTION ( 'NONE',  ( 0.000000000000000000, 0.000000000000000000, 1.000000000000000000 ) ) ;
#719 = CARTESIAN_POINT ( 'NONE',  ( 3.965778810366050067, 15.55946187278236970, -13.83002792306046480 ) ) ;
#720 = ORIENTED_EDGE ( 'NONE', *, *, #1330, .F. ) ;
#721 = AXIS2_PLACEMENT_3D ( 'NONE', #163, #2030, #2226 ) ;
#722 = DIRECTION ( 'NONE',  ( -0.000000000000000000, -1.000000000000000000, -0.000000000000000000 ) ) ;
#723 = EDGE_CURVE ( 'NONE', #2692, #1974, #397, .T. ) ;
#724 = FACE_OUTER_BOUND ( 'NONE', #1253, .T. ) ;
#725 = VERTEX_POINT ( 'NONE', #42 ) ;
#726 = LINE ( 'NONE', #1951, #1469 ) ;
#727 = DIRECTION ( 'NONE',  ( 0.9958591954639384181, 0.000000000000000000, 0.09090909090909092549 ) ) ;
#728 = AXIS2_PLACEMENT_3D ( 'NONE', #1006, #1016, #1634 ) ;
#729 = CARTESIAN_POINT ( 'NONE',  ( -4.934005724154548744, 11.67376329954322856, -13.10604645520670175 ) ) ;
#730 = EDGE_CURVE ( 'NONE', #3, #2310, #1602, .T. ) ;
#731 = SPHERICAL_SURFACE ( 'NONE', #43, 1.000000000000000000 ) ;
#732 = PERSON_AND_ORGANIZATION ( #602, #2350 ) ;
#733 = CARTESIAN_POINT ( 'NONE',  ( -15.98166120004890978, 21.02595659596624245, -0.7700184959290747866 ) ) ;
#734 = ORIENTED_EDGE ( 'NONE', *, *, #881, .T. ) ;
#735 = CARTESIAN_POINT ( 'NONE',  ( -3.415124335631276153, 8.836573447092145983, -14.00719320847212046 ) ) ;
#736 = B_SPLINE_CURVE_WITH_KNOTS ( 'NONE', 3,
 ( #2662, #1643, #376, #1406 ),
 .UNSPECIFIED., .F., .F.,
 ( 4, 4 ),
 ( 0.000000000000000000, 0.001022019886434118261 ),
 .UNSPECIFIED. ) ;
#737 = DIRECTION ( 'NONE',  ( 1.000000000000000000, -0.000000000000000000, -0.000000000000000000 ) ) ;
#738 = DIRECTION ( 'NONE',  ( -0.000000000000000000, -1.000000000000000000, 0.000000000000000000 ) ) ;
#739 = ORIENTED_EDGE ( 'NONE', *, *, #2288, .F. ) ;
#740 = CIRCLE ( 'NONE', #2044, 14.00000000000000000 ) ;
#741 = CARTESIAN_POINT ( 'NONE',  ( 0.000000000000000000, 21.00000000000000000, 0.000000000000000000 ) ) ;
#742 = ADVANCED_FACE ( 'NONE', ( #2159 ), #336, .T. ) ;
#743 = CARTESIAN_POINT ( 'NONE',  ( -3.438190988406087278, 16.13464265326197378, -13.57472523324514491 ) ) ;
#744 = ORIENTED_EDGE ( 'NONE', *, *, #2596, .F. ) ;
#745 = FACE_OUTER_BOUND ( 'NONE', #2384, .T. ) ;
#746 = CARTESIAN_POINT ( 'NONE',  ( -13.65624093832703068, 4.213078328474697543, -9.933169916165560585E-14 ) ) ;
#747 = CARTESIAN_POINT ( 'NONE',  ( 0.000000000000000000, 0.000000000000000000, 0.000000000000000000 ) ) ;
#748 = CARTESIAN_POINT ( 'NONE',  ( 5.310288153837070979, 12.66799782885117587, -12.95379634419678716 ) ) ;
#749 = LOCAL_TIME ( 21, 36, 31.00000000000000000, #326 ) ;
#750 = AXIS2_PLACEMENT_3D ( 'NONE', #2191, #1138, #1984 ) ;
#751 = ORIENTED_EDGE ( 'NONE', *, *, #191, .T. ) ;
#752 = CARTESIAN_POINT ( 'NONE',  ( 14.96662954709576709, 5.000000000000000000, 0.000000000000000000 ) ) ;
#753 = CARTESIAN_POINT ( 'NONE',  ( -5.279630654217692509, 13.18323112630052485, -12.96649125061261110 ) ) ;
#754 = CARTESIAN_POINT ( 'NONE',  ( -14.96662954709576532, 21.00000000000000000, -1.000000000000000000 ) ) ;
#755 = ORIENTED_EDGE ( 'NONE', *, *, #362, .F. ) ;
#756 = DIRECTION ( 'NONE',  ( 0.000000000000000000, 0.000000000000000000, 1.000000000000000000 ) ) ;
#757 = CARTESIAN_POINT ( 'NONE',  ( -3.321383608079549798, 16.24163707132734302, -13.60373218391784533 ) ) ;
#758 = FACE_OUTER_BOUND ( 'NONE', #571, .T. ) ;
#759 = DIRECTION ( 'NONE',  ( 0.000000000000000000, 0.000000000000000000, 1.000000000000000000 ) ) ;
#760 = APPROVAL_ROLE ( '' ) ;
#761 = CARTESIAN_POINT ( 'NONE',  ( 4.973084875168789054, 11.90105476436825427, -13.42865818554406943 ) ) ;
#762 = EDGE_LOOP ( 'NONE', ( #1456, #1503, #412, #2632 ) ) ;
#763 = AXIS2_PLACEMENT_3D ( 'NONE', #1603, #145, #1413 ) ;
#764 = DIRECTION ( 'NONE',  ( 1.000000000000000000, 0.000000000000000000, 0.000000000000000000 ) ) ;
#765 = VECTOR ( 'NONE', #1362, 1000.000000000000000 ) ;
#766 = DIRECTION ( 'NONE',  ( 0.000000000000000000, -1.000000000000000000, 0.000000000000000000 ) ) ;
#767 = ORIENTED_EDGE ( 'NONE', *, *, #916, .T. ) ;
#768 = EDGE_CURVE ( 'NONE', #1189, #965, #167, .T. ) ;
#769 = CYLINDRICAL_SURFACE ( 'NONE', #889, 1.000000000000000000 ) ;
#770 = CARTESIAN_POINT ( 'NONE',  ( -0.4230272338617501737, 17.87125732591337268, -13.99404182311601552 ) ) ;
#771 = LINE ( 'NONE', #337, #1135 ) ;
#772 = CARTESIAN_POINT ( 'NONE',  ( 0.8239597992692953010, 17.43164173974428977, -14.33984708229695748 ) ) ;
#773 = CARTESIAN_POINT ( 'NONE',  ( 4.963447403851953155, 13.12341073918749146, -13.09490309002018193 ) ) ;
#774 = ADVANCED_FACE ( 'NONE', ( #2254 ), #982, .F. ) ;
#775 = ORIENTED_EDGE ( 'NONE', *, *, #1347, .T. ) ;
#776 = CYLINDRICAL_SURFACE ( 'NONE', #1030, 1.000000000000000000 ) ;
#777 = CARTESIAN_POINT ( 'NONE',  ( 3.361583967851792476, 8.786655952213246579, -14.02306212895534543 ) ) ;
#778 = EDGE_CURVE ( 'NONE', #2120, #696, #390, .T. ) ;
#779 = CARTESIAN_POINT ( 'NONE',  ( 0.000000000000000000, 4.000000000000000000, -11.00000000000000000 ) ) ;
#780 = CARTESIAN_POINT ( 'NONE',  ( 4.999963264153446829, 12.32809476840251683, -14.48664377046725171 ) ) ;
#781 = CARTESIAN_POINT ( 'NONE',  ( 13.96885424395604858, 21.00000000000000000, -0.9333333333333334592 ) ) ;
#782 = ADVANCED_FACE ( 'NONE', ( #1399 ), #1234, .T. ) ;
#783 = CARTESIAN_POINT ( 'NONE',  ( 5.385164807134506404, 24.00000000000000000, -14.00000000000000000 ) ) ;
#784 = CARTESIAN_POINT ( 'NONE',  ( 0.000000000000000000, 12.50000000000000000, -15.00000000000000000 ) ) ;
#785 = CIRCLE ( 'NONE', #1957, 5.000000000000000000 ) ;
#786 = DIRECTION ( 'NONE',  ( 0.000000000000000000, 0.000000000000000000, -1.000000000000000000 ) ) ;
#787 = CARTESIAN_POINT ( 'NONE',  ( 4.783906870405136402, 11.01565526510776394, -13.51197840784510973 ) ) ;
#788 = CIRCLE ( 'NONE', #1360, 5.000000000000001776 ) ;
#789 = AXIS2_PLACEMENT_3D ( 'NONE', #327, #680, #1767 ) ;
#790 = CIRCLE ( 'NONE', #583, 16.00000000000000000 ) ;
#791 = ORIENTED_EDGE ( 'NONE', *, *, #1453, .F. ) ;
#792 = CARTESIAN_POINT ( 'NONE',  ( -4.895604370122279114, 11.48360546477282540, -14.49999999999999822 ) ) ;
#793 = EDGE_CURVE ( 'NONE', #883, #407, #2500, .T. ) ;
#794 = CARTESIAN_POINT ( 'NONE',  ( -0.3127887717083069341, 17.99045080557666410, -13.99650539185739895 ) ) ;
#795 = CYLINDRICAL_SURFACE ( 'NONE', #650, 1.000000000000000888 ) ;
#796 = CARTESIAN_POINT ( 'NONE',  ( 5.385164807134506404, 11.38196601125011753, -15.00000000000000000 ) ) ;
#797 = EDGE_LOOP ( 'NONE', ( #2269, #2160, #2124, #943, #2315 ) ) ;
#798 = DIRECTION ( 'NONE',  ( 0.000000000000000000, 0.000000000000000000, -1.000000000000000000 ) ) ;
#799 = CARTESIAN_POINT ( 'NONE',  ( 0.8239597992692866413, 7.198394294148504180, -13.97573219009251488 ) ) ;
#800 = EDGE_CURVE ( 'NONE', #1096, #1051, #1333, .T. ) ;
#801 = ORIENTED_EDGE ( 'NONE', *, *, #723, .F. ) ;
#802 = CARTESIAN_POINT ( 'NONE',  ( 4.991277959264569297, 12.84090129730184060, -14.48918526959126396 ) ) ;
#803 = ORIENTED_EDGE ( 'NONE', *, *, #645, .F. ) ;
#804 = FACE_BOUND ( 'NONE', #1384, .T. ) ;
#805 = ORIENTED_EDGE ( 'NONE', *, *, #730, .T. ) ;
#806 = CARTESIAN_POINT ( 'NONE',  ( 0.8239597992692945239, 17.80162856712761155, -13.97573219009251666 ) ) ;
#807 = ORIENTED_EDGE ( 'NONE', *, *, #1644, .F. ) ;
#808 = CARTESIAN_POINT ( 'NONE',  ( 13.94258640458808785, 4.737767546713639533, -0.9348272478264264551 ) ) ;
#809 = CARTESIAN_POINT ( 'NONE',  ( 3.420087087219187083, 8.841044193946101970, -14.00575697132227937 ) ) ;
#810 = ORIENTED_EDGE ( 'NONE', *, *, #2013, .T. ) ;
#811 = CARTESIAN_POINT ( 'NONE',  ( -0.6916806147582005293, 7.414256171893957692, -14.84443754385405256 ) ) ;
#812 = ORIENTED_EDGE ( 'NONE', *, *, #1889, .F. ) ;
#813 = ORIENTED_EDGE ( 'NONE', *, *, #1540, .T. ) ;
#814 = CARTESIAN_POINT ( 'NONE',  ( -0.2155800401071145955, 17.99546598042616452, -13.99834008896439563 ) ) ;
#815 = LINE ( 'NONE', #1214, #2175 ) ;
#816 = CARTESIAN_POINT ( 'NONE',  ( -0.8233496721738829960, 7.568256361353403960, -14.47168736996383487 ) ) ;
#817 = EDGE_CURVE ( 'NONE', #1014, #187, #2504, .T. ) ;
#818 = TOROIDAL_SURFACE ( 'NONE', #1128, 5.500000000000000000, 0.5000000000000000000 ) ;
#819 = CARTESIAN_POINT ( 'NONE',  ( 13.09223694959441708, 4.000000000000000888, -0.9900306727156460429 ) ) ;
#820 = CARTESIAN_POINT ( 'NONE',  ( 5.310051266083027244, 12.82805655417881496, -12.95389345527623348 ) ) ;
#821 = CARTESIAN_POINT ( 'NONE',  ( 5.385164807134506404, 13.61803398874988424, -14.49999999999999822 ) ) ;
#822 = VERTEX_POINT ( 'NONE', #1039 ) ;
#823 = AXIS2_PLACEMENT_3D ( 'NONE', #246, #339, #1141 ) ;
#824 = CARTESIAN_POINT ( 'NONE',  ( -5.385164807134506404, 11.38196601125010865, -14.49999999999999822 ) ) ;
#825 = VERTEX_POINT ( 'NONE', #5 ) ;
#826 = CARTESIAN_POINT ( 'NONE',  ( 4.965290245724395923, 11.81925708952037368, -14.49999999999999822 ) ) ;
#827 = EDGE_LOOP ( 'NONE', ( #2042, #1778, #1035, #1269, #1515, #653, #497 ) ) ;
#828 = CARTESIAN_POINT ( 'NONE',  ( -0.8476969449013248559, 7.561951366114326056, -14.47408898478060557 ) ) ;
#829 = DIRECTION ( 'NONE',  ( 0.000000000000000000, 0.000000000000000000, 1.000000000000000000 ) ) ;
#830 = FACE_OUTER_BOUND ( 'NONE', #256, .T. ) ;
#831 = EDGE_CURVE ( 'NONE', #1630, #2532, #22, .T. ) ;
#832 = CARTESIAN_POINT ( 'NONE',  ( 13.22144962981987426, 3.000000003438444640, 0.000000000000000000 ) ) ;
#833 = CARTESIAN_POINT ( 'NONE',  ( 14.98408755128576608, 21.00000000000000000, 0.8693562481411168941 ) ) ;
#834 = EDGE_LOOP ( 'NONE', ( #1236, #907, #1528, #392 ) ) ;
#835 = CARTESIAN_POINT ( 'NONE',  ( -1.003733655552900172, 7.087606140206009542, -13.96790833092616957 ) ) ;
#836 = ORIENTED_EDGE ( 'NONE', *, *, #1027, .F. ) ;
#837 = DIRECTION ( 'NONE',  ( -0.000000000000000000, 1.000000000000000000, -0.000000000000000000 ) ) ;
#838 = EDGE_CURVE ( 'NONE', #1487, #459, #2296, .T. ) ;
#839 = ORIENTED_EDGE ( 'NONE', *, *, #646, .F. ) ;
#840 = CARTESIAN_POINT ( 'NONE',  ( 15.99624373879895600, 20.90208589155918872, 0.5622616888969785842 ) ) ;
#841 = CIRCLE ( 'NONE', #2274, 0.9999999999999994449 ) ;
#842 = CARTESIAN_POINT ( 'NONE',  ( 4.868801765434008111, 13.67529061937900003, -13.47480943405705212 ) ) ;
#843 = CARTESIAN_POINT ( 'NONE',  ( -5.385164807134506404, 24.00000000000000000, -13.99999999999999822 ) ) ;
#844 = DIRECTION ( 'NONE',  ( -1.000000000000000000, 0.000000000000000000, -0.000000000000000000 ) ) ;
#845 = CARTESIAN_POINT ( 'NONE',  ( 0.3239597992693191708, 7.009549194423342122, -15.00000000000000000 ) ) ;
#846 = TOROIDAL_SURFACE ( 'NONE', #1107, 5.500000000000001776, 0.5000000000000000000 ) ;
#847 = DIRECTION ( 'NONE',  ( 0.000000000000000000, -1.000000000000000000, 0.000000000000000000 ) ) ;
#848 = ORIENTED_EDGE ( 'NONE', *, *, #2382, .T. ) ;
#849 = ADVANCED_FACE ( 'NONE', ( #1294 ), #1665, .T. ) ;
#850 = CARTESIAN_POINT ( 'NONE',  ( 0.8239597992692953010, 17.43164173974428977, -15.00000000000000000 ) ) ;
#851 = ORIENTED_EDGE ( 'NONE', *, *, #916, .F. ) ;
#852 = CARTESIAN_POINT ( 'NONE',  ( 13.97057464059715137, 3.252141812918172281, -0.000000000000000000 ) ) ;
#853 = EDGE_LOOP ( 'NONE', ( #767, #2240, #267, #1112, #2411 ) ) ;
#854 = CARTESIAN_POINT ( 'NONE',  ( -2.353154922071027055, 8.085476226650365916, -14.26792702648138622 ) ) ;
#855 = CARTESIAN_POINT ( 'NONE',  ( 0.4366087898665246825, 7.129076331153037849, -15.00000000000000178 ) ) ;
#856 = DIRECTION ( 'NONE',  ( -0.000000000000000000, -1.000000000000000000, -0.000000000000000000 ) ) ;
#857 = SPHERICAL_SURFACE ( 'NONE', #1659, 1.000000000000000000 ) ;
#858 = CARTESIAN_POINT ( 'NONE',  ( -15.98385695822304342, 20.98342828386256187, 0.7661464437502699676 ) ) ;
#859 = DIRECTION ( 'NONE',  ( 0.000000000000000000, 1.000000000000000000, 0.000000000000000000 ) ) ;
#860 = CARTESIAN_POINT ( 'NONE',  ( -1.117885612773231063, 17.38257115769370742, -14.45141106510988216 ) ) ;
#861 = ORIENTED_EDGE ( 'NONE', *, *, #2077, .F. ) ;
#862 = CARTESIAN_POINT ( 'NONE',  ( -12.96148139681572076, 2.999999999999999112, 0.000000000000000000 ) ) ;
#863 = ORIENTED_EDGE ( 'NONE', *, *, #95, .T. ) ;
#864 =( BOUNDED_SURFACE ( )  B_SPLINE_SURFACE ( 3, 2, ( 
 ( #2693, #2507, #441 ),
 ( #215, #1254, #1708 ),
 ( #828, #228, #460 ),
 ( #1667, #2491, #629 ),
 ( #1875, #21, #7 ),
 ( #2097, #1891, #2539 ),
 ( #854, #1284, #2564 ),
 ( #484, #268, #1339 ),
 ( #908, #2374, #514 ),
 ( #1746, #1936, #2166 ),
 ( #300, #283, #2552 ),
 ( #1113, #2358, #1950 ),
 ( #1322, #2344, #498 ),
 ( #2152, #687, #78 ),
 ( #1517, #1544, #1530 ),
 ( #1311, #2580, #712 ),
 ( #2139, #1098, #65 ),
 ( #698, #897, #1732 ),
 ( #1765, #1375, #98 ),
 ( #1591, #729, #2584 ),
 ( #1563, #560, #2189 ),
 ( #529, #545, #942 ),
 ( #1735, #68, #1118 ),
 ( #2202, #334, #1359 ),
 ( #2142, #502, #2610 ),
 ( #1103, #321, #1165 ),
 ( #1790, #1151, #1995 ),
 ( #1777, #82, #1968 ),
 ( #900, #1326, #2568 ),
 ( #2628, #2421, #2599 ),
 ( #2155, #109, #124 ),
 ( #955, #743, #2391 ),
 ( #2170, #757, #703 ),
 ( #272, #2376, #1576 ),
 ( #1939, #2406, #1534 ),
 ( #2361, #1953, #287 ),
 ( #912, #303, #1751 ),
 ( #715, #1548, #518 ),
 ( #1344, #1982, #1136 ),
 ( #930, #2449, #1427 ),
 ( #2229, #363, #2680 ),
 ( #2249, #149, #814 ) ),
 .UNSPECIFIED., .F., .F., .T. ) 
 B_SPLINE_SURFACE_WITH_KNOTS ( ( 4, 2, 2, 2, 2, 2, 2, 2, 2, 2, 2, 2, 2, 2, 2, 2, 2, 2, 2, 2, 4 ),
 ( 3, 3 ),
 ( 0.01022897980488799395, 0.01128473589336650984, 0.01234049198184502746, 0.01286837002608428628, 0.01339624807032354509, 0.01445200415880206271, 0.01550776024728058033, 0.01603563829151984088, 0.01656351633575909796, 0.01761927242423761558, 0.01814715046847687613, 0.01867502851271613321, 0.01973078460119465083, 0.02078654068967316845, 0.02184229677815168608, 0.02289805286663020370, 0.02342593091086946078, 0.02395380895510872132, 0.02500956504358723895, 0.02606532113206575657, 0.02712107722054427419 ),
 ( 0.000000000000000000, 1.000000000000000000 ),
 .UNSPECIFIED. ) 
 GEOMETRIC_REPRESENTATION_ITEM ( )  RATIONAL_B_SPLINE_SURFACE ( (
 ( 1.000000000000000000, 0.7073285747605525531, 1.000000000000000000),
 ( 1.000000000000000000, 0.7079971758383235558, 1.000000000000000000),
 ( 1.000000000000000000, 0.7104417084695604512, 1.000000000000000000),
 ( 1.000000000000000000, 0.7181290633283432534, 1.000000000000000000),
 ( 1.000000000000000000, 0.7233595112386177473, 1.000000000000000000),
 ( 1.000000000000000000, 0.7327289858485360741, 1.000000000000000000),
 ( 1.000000000000000000, 0.7361217436406497505, 1.000000000000000000),
 ( 1.000000000000000000, 0.7431774138182227762, 1.000000000000000000),
 ( 1.000000000000000000, 0.7468512604130158605, 1.000000000000000000),
 ( 1.000000000000000000, 0.7581392297997306962, 1.000000000000000000),
 ( 1.000000000000000000, 0.7660458277711157393, 1.000000000000000000),
 ( 1.000000000000000000, 0.7816278559477374266, 1.000000000000000000),
 ( 1.000000000000000000, 0.7891200481562896663, 1.000000000000000000),
 ( 1.000000000000000000, 0.7994057364441611302, 1.000000000000000000),
 ( 1.000000000000000000, 0.8026763699731134238, 1.000000000000000000),
 ( 1.000000000000000000, 0.8088194928153547014, 1.000000000000000000),
 ( 1.000000000000000000, 0.8116985572778894209, 1.000000000000000000),
 ( 1.000000000000000000, 0.8194379074782993655, 1.000000000000000000),
 ( 1.000000000000000000, 0.8234745754069752177, 1.000000000000000000),
 ( 1.000000000000000000, 0.8276084806130223903, 1.000000000000000000),
 ( 1.000000000000000000, 0.8286659099129098927, 1.000000000000000000),
 ( 1.000000000000000000, 0.8300916148875057132, 1.000000000000000000),
 ( 1.000000000000000000, 0.8304544572393219859, 1.000000000000000000),
 ( 1.000000000000000000, 0.8304554803986525791, 1.000000000000000000),
 ( 1.000000000000000000, 0.8290355784692893248, 1.000000000000000000),
 ( 1.000000000000000000, 0.8234998796096313356, 1.000000000000000000),
 ( 1.000000000000000000, 0.8193432767187583954, 1.000000000000000000),
 ( 1.000000000000000000, 0.8090301696558576117, 1.000000000000000000),
 ( 1.000000000000000000, 0.8028468403027623213, 1.000000000000000000),
 ( 1.000000000000000000, 0.7889281065461791753, 1.000000000000000000),
 ( 1.000000000000000000, 0.7814058847190908930, 1.000000000000000000),
 ( 1.000000000000000000, 0.7698357465184041404, 1.000000000000000000),
 ( 1.000000000000000000, 0.7659308145594062589, 1.000000000000000000),
 ( 1.000000000000000000, 0.7581237218073382245, 1.000000000000000000),
 ( 1.000000000000000000, 0.7542101853545725154, 1.000000000000000000),
 ( 1.000000000000000000, 0.7428728912233050208, 1.000000000000000000),
 ( 1.000000000000000000, 0.7357753503233690484, 1.000000000000000000),
 ( 1.000000000000000000, 0.7233611325401816394, 1.000000000000000000),
 ( 1.000000000000000000, 0.7180221958123563786, 1.000000000000000000),
 ( 1.000000000000000000, 0.7103906643973237900, 1.000000000000000000),
 ( 1.000000000000000000, 0.7080276220418727506, 1.000000000000000000),
 ( 1.000000000000000000, 0.7073277614507919031, 1.000000000000000000) ) ) 
 REPRESENTATION_ITEM ( '' )  SURFACE ( )  );
#865 = CARTESIAN_POINT ( 'NONE',  ( 15.99551688457377985, 21.90398005860759767, 0.3994333471883414477 ) ) ;
#866 = ORIENTED_EDGE ( 'NONE', *, *, #1166, .F. ) ;
#867 = ORIENTED_EDGE ( 'NONE', *, *, #450, .T. ) ;
#868 = CARTESIAN_POINT ( 'NONE',  ( 0.000000000000000000, 3.000000000000000000, 0.000000000000000000 ) ) ;
#869 = CIRCLE ( 'NONE', #2400, 1.000000000000000888 ) ;
#870 = ADVANCED_FACE ( 'NONE', ( #1501 ), #438, .T. ) ;
#871 = DIRECTION ( 'NONE',  ( -0.06666666666666661023, -0.000000000000000000, -0.9977753031397178507 ) ) ;
#872 = CIRCLE ( 'NONE', #1963, 5.000000000000000000 ) ;
#873 = AXIS2_PLACEMENT_3D ( 'NONE', #432, #633, #611 ) ;
#874 = DIRECTION ( 'NONE',  ( 0.000000000000000000, 1.000000000000000000, 0.000000000000000000 ) ) ;
#875 = CARTESIAN_POINT ( 'NONE',  ( -15.99120215670638068, 21.32264602764004735, -0.5395945480467926325 ) ) ;
#876 = EDGE_CURVE ( 'NONE', #136, #20, #2409, .T. ) ;
#877 = CARTESIAN_POINT ( 'NONE',  ( -12.97107894081633006, 20.00000000000000000, -0.8666666666666665853 ) ) ;
#878 = DIRECTION ( 'NONE',  ( 0.000000000000000000, -0.000000000000000000, -1.000000000000000000 ) ) ;
#879 = ORIENTED_EDGE ( 'NONE', *, *, #1318, .F. ) ;
#880 = DIRECTION ( 'NONE',  ( 0.000000000000000000, 0.000000000000000000, 1.000000000000000000 ) ) ;
#881 = EDGE_CURVE ( 'NONE', #883, #993, #57, .T. ) ;
#882 = CARTESIAN_POINT ( 'NONE',  ( 10.00000000000000178, 0.000000000000000000, -1.000000000000000000 ) ) ;
#883 = VERTEX_POINT ( 'NONE', #2536 ) ;
#884 = ORIENTED_EDGE ( 'NONE', *, *, #2077, .T. ) ;
#885 = CARTESIAN_POINT ( 'NONE',  ( 15.98302475413927759, 21.99999998946245583, 0.7879894627360957138 ) ) ;
#886 = CARTESIAN_POINT ( 'NONE',  ( 5.000000000000822453, 12.79653314921332985, -13.41640786499836224 ) ) ;
#887 = CARTESIAN_POINT ( 'NONE',  ( 5.459084674851872876, 13.44001137307616922, -15.00000000000953015 ) ) ;
#888 = CIRCLE ( 'NONE', #2146, 1.000000000000000000 ) ;
#889 = AXIS2_PLACEMENT_3D ( 'NONE', #184, #991, #2668 ) ;
#890 = CARTESIAN_POINT ( 'NONE',  ( 0.000000000000000000, 25.00000000000000000, 0.000000000000000000 ) ) ;
#891 = CARTESIAN_POINT ( 'NONE',  ( 3.569094845899690505, 16.58546604235970534, -13.53975648078089300 ) ) ;
#892 = CARTESIAN_POINT ( 'NONE',  ( -5.595646701973238990, 12.12500857297181867, -14.97837053230511373 ) ) ;
#893 = LINE ( 'NONE', #2399, #2057 ) ;
#894 = CARTESIAN_POINT ( 'NONE',  ( -9.958591954639384625, 3.000000000000000000, -0.9090909090909090606 ) ) ;
#895 = ORIENTED_EDGE ( 'NONE', *, *, #1419, .F. ) ;
#896 = EDGE_LOOP ( 'NONE', ( #1055, #2456, #1397, #636 ) ) ;
#897 = CARTESIAN_POINT ( 'NONE',  ( -4.741737122108264479, 10.88051787357435174, -13.17734318961028883 ) ) ;
#898 = CARTESIAN_POINT ( 'NONE',  ( -10.95445115010332238, 25.00000000000000000, 0.000000000000000000 ) ) ;
#899 = DIRECTION ( 'NONE',  ( 0.000000000000000000, 0.000000000000000000, 1.000000000000000000 ) ) ;
#900 = CARTESIAN_POINT ( 'NONE',  ( -4.368061460594951484, 14.95403362974737327, -13.68225306719587486 ) ) ;
#901 = FACE_OUTER_BOUND ( 'NONE', #360, .T. ) ;
#902 = FACE_OUTER_BOUND ( 'NONE', #2138, .T. ) ;
#903 = FACE_OUTER_BOUND ( 'NONE', #762, .T. ) ;
#904 = DIRECTION ( 'NONE',  ( 0.000000000000000000, 1.000000000000000000, 0.000000000000000000 ) ) ;
#905 = CIRCLE ( 'NONE', #1213, 0.9999999999999997780 ) ;
#906 = FACE_OUTER_BOUND ( 'NONE', #1638, .T. ) ;
#907 = ORIENTED_EDGE ( 'NONE', *, *, #1034, .F. ) ;
#908 = CARTESIAN_POINT ( 'NONE',  ( -2.762619142321710353, 8.329527101183517246, -14.17872620066273903 ) ) ;
#909 = CARTESIAN_POINT ( 'NONE',  ( -5.385164807134507292, 1.000000000000000888, -14.00000000000000000 ) ) ;
#910 = CARTESIAN_POINT ( 'NONE',  ( -5.614639933787137771, 12.30517115778322967, -14.97331454623951430 ) ) ;
#911 = LOCAL_TIME ( 21, 36, 31.00000000000000000, #1395 ) ;
#912 = CARTESIAN_POINT ( 'NONE',  ( -2.351892606236579031, 16.92374810740972180, -14.27098150117121378 ) ) ;
#913 = AXIS2_PLACEMENT_3D ( 'NONE', #843, #1074, #1286 ) ;
#914 = CARTESIAN_POINT ( 'NONE',  ( -5.385164807134506404, 1.000000000000000888, -15.00000000000000000 ) ) ;
#915 = CARTESIAN_POINT ( 'NONE',  ( -13.42146701822151833, 4.073130123652524581, 0.000000000000000000 ) ) ;
#916 = EDGE_CURVE ( 'NONE', #1630, #825, #1716, .T. ) ;
#917 = APPROVAL_STATUS ( 'not_yet_approved' ) ;
#918 = DIRECTION ( 'NONE',  ( 0.000000000000000000, 0.000000000000000000, -1.000000000000000000 ) ) ;
#919 = VECTOR ( 'NONE', #97, 1000.000000000000000 ) ;
#920 = B_SPLINE_CURVE_WITH_KNOTS ( 'NONE', 3,
 ( #490, #1695, #1314, #2525 ),
 .UNSPECIFIED., .F., .F.,
 ( 4, 4 ),
 ( 0.000000000000000000, 2.470096109104719150E-05 ),
 .UNSPECIFIED. ) ;
#921 = ADVANCED_FACE ( 'NONE', ( #1252 ), #2386, .T. ) ;
#922 = VERTEX_POINT ( 'NONE', #213 ) ;
#923 = CARTESIAN_POINT ( 'NONE',  ( -5.744175794276807245, 1.000000000000000888, -14.93333333333333357 ) ) ;
#924 = FACE_OUTER_BOUND ( 'NONE', #471, .T. ) ;
#925 = DIRECTION ( 'NONE',  ( 0.000000000000000000, 0.000000000000000000, 1.000000000000000000 ) ) ;
#926 = ORIENTED_EDGE ( 'NONE', *, *, #2185, .T. ) ;
#927 = ADVANCED_FACE ( 'NONE', ( #2181 ), #937, .T. ) ;
#928 = CARTESIAN_POINT ( 'NONE',  ( -0.8239597992693179496, 17.43164173974428977, -14.49638058442373278 ) ) ;
#929 = EDGE_CURVE ( 'NONE', #2667, #187, #1811, .T. ) ;
#930 = CARTESIAN_POINT ( 'NONE',  ( -0.8418433721830683725, 17.43900511117382734, -14.47448693424901478 ) ) ;
#931 = CARTESIAN_POINT ( 'NONE',  ( -15.96440485023548383, 20.00000000000000355, -1.066666666666666430 ) ) ;
#932 = CARTESIAN_POINT ( 'NONE',  ( -0.3127887717083069341, 17.99045080557666410, -13.99650539185739895 ) ) ;
#933 = MECHANICAL_CONTEXT ( 'NONE', #1758, 'mechanical' ) ;
#934 = CARTESIAN_POINT ( 'NONE',  ( 2.832129875120231066, 16.63208027344902362, -13.71495793844788302 ) ) ;
#935 = EDGE_LOOP ( 'NONE', ( #507, #2198, #1401, #2052 ) ) ;
#936 = CARTESIAN_POINT ( 'NONE',  ( -0.9986506543235601496, 17.91350596215299618, -13.96830927197578909 ) ) ;
#937 = CYLINDRICAL_SURFACE ( 'NONE', #2377, 1.000000000000000000 ) ;
#938 = ORIENTED_EDGE ( 'NONE', *, *, #2697, .F. ) ;
#939 = DESIGN_CONTEXT ( 'detailed design', #2078, 'design' ) ;
#940 = DIRECTION ( 'NONE',  ( 1.000000000000000000, 0.000000000000000000, -0.000000000000000000 ) ) ;
#941 = DIRECTION ( 'NONE',  ( 1.000000000000000000, 0.000000000000000000, 0.000000000000000000 ) ) ;
#942 = CARTESIAN_POINT ( 'NONE',  ( -5.301913902773083720, 12.14294449772254403, -12.95723857924246758 ) ) ;
#943 = ORIENTED_EDGE ( 'NONE', *, *, #84, .T. ) ;
#944 = FACE_OUTER_BOUND ( 'NONE', #896, .T. ) ;
#945 = CARTESIAN_POINT ( 'NONE',  ( -13.46600207789752446, 4.131788806291036842, -0.9642264953580377274 ) ) ;
#946 = DATE_TIME_ROLE ( 'creation_date' ) ;
#947 = CARTESIAN_POINT ( 'NONE',  ( 5.302863168570160823, 12.83596908383381319, -12.95684733333670735 ) ) ;
#948 = ORIENTED_EDGE ( 'NONE', *, *, #1079, .F. ) ;
#949 = CARTESIAN_POINT ( 'NONE',  ( 13.96885424390965902, 4.868931262373562774, -0.9333333340276273038 ) ) ;
#950 = DIRECTION ( 'NONE',  ( -0.000000000000000000, -0.000000000000000000, 1.000000000000000000 ) ) ;
#951 = CARTESIAN_POINT ( 'NONE',  ( 1.455381095047029616, 17.79963833881282653, -13.92742724303375113 ) ) ;
#952 = ORIENTED_EDGE ( 'NONE', *, *, #876, .F. ) ;
#953 = AXIS2_PLACEMENT_3D ( 'NONE', #692, #722, #478 ) ;
#954 = DIRECTION ( 'NONE',  ( 0.000000000000000000, 0.000000000000000000, -1.000000000000000000 ) ) ;
#955 = CARTESIAN_POINT ( 'NONE',  ( -3.496070915457361483, 16.07802755655652405, -13.98128492555714786 ) ) ;
#956 = DIRECTION ( 'NONE',  ( 0.000000000000000000, 0.000000000000000000, -1.000000000000000000 ) ) ;
#957 = CARTESIAN_POINT ( 'NONE',  ( -0.3239597992693178941, 21.00000000000000000, -14.49638058442373278 ) ) ;
#958 = COORDINATED_UNIVERSAL_TIME_OFFSET ( 5, 30, .AHEAD. ) ;
#959 = CARTESIAN_POINT ( 'NONE',  ( 5.273547779715394235, 13.16743453200402669, -12.96880659193556440 ) ) ;
#960 = ORIENTED_EDGE ( 'NONE', *, *, #682, .F. ) ;
#961 = ADVANCED_FACE ( 'NONE', ( #906 ), #846, .T. ) ;
#962 = CARTESIAN_POINT ( 'NONE',  ( -4.791852221583695837, 11.04227653174016410, -13.50853909550498066 ) ) ;
#963 = CARTESIAN_POINT ( 'NONE',  ( 4.858145944553763584, 11.27725107017986517, -13.13441276507253619 ) ) ;
#964 = CARTESIAN_POINT ( 'NONE',  ( -16.00000000000000000, 20.00000000000000000, 1.000000000000000000 ) ) ;
#965 = VERTEX_POINT ( 'NONE', #1337 ) ;
#966 = CARTESIAN_POINT ( 'NONE',  ( 4.895604370122279114, 13.51639453522716749, -14.49999999999999822 ) ) ;
#967 = ADVANCED_FACE ( 'NONE', ( #1147 ), #1162, .F. ) ;
#968 = CARTESIAN_POINT ( 'NONE',  ( -0.8239597992693179496, 7.568358260255712011, -14.49999999999999822 ) ) ;
#969 = DIRECTION ( 'NONE',  ( 0.9958591954639384181, 0.000000000000000000, -0.09090909090909092549 ) ) ;
#970 = COORDINATED_UNIVERSAL_TIME_OFFSET ( 5, 30, .AHEAD. ) ;
#971 = CARTESIAN_POINT ( 'NONE',  ( 4.784576936020076943, 13.98210119013913122, -13.51168816072370227 ) ) ;
#972 = ADVANCED_FACE ( 'NONE', ( #2593 ), #2447, .T. ) ;
#973 = AXIS2_PLACEMENT_3D ( 'NONE', #1435, #1201, #992 ) ;
#974 = CARTESIAN_POINT ( 'NONE',  ( -4.463186838866704420, 14.77268677242516404, -13.64463897559017269 ) ) ;
#975 = CARTESIAN_POINT ( 'NONE',  ( 1.233195804996861655, 7.645201369932256519, -13.94900718627279090 ) ) ;
#976 = TOROIDAL_SURFACE ( 'NONE', #508, 13.00000000000000178, 1.000000000000000000 ) ;
#977 = B_SPLINE_CURVE_WITH_KNOTS ( 'NONE', 3,
 ( #1261, #2089, #222, #71, #2364, #2174, #1156, #733, #2132, #2558, #1142, #691, #2571, #1365 ),
 .UNSPECIFIED., .F., .F.,
 ( 4, 2, 2, 2, 2, 2, 4 ),
 ( 0.000000000000000000, 0.0008141425250112034693, 0.001628285050022406939, 0.002035356312528008565, 0.002442427575033610625, 0.002849498837539212251, 0.003256570100044813877 ),
 .UNSPECIFIED. ) ;
#978 = CARTESIAN_POINT ( 'NONE',  ( 5.283676078251195563, 11.86237471787802988, -12.96480404117246366 ) ) ;
#979 = ORIENTED_EDGE ( 'NONE', *, *, #2319, .T. ) ;
#980 = EDGE_CURVE ( 'NONE', #2310, #266, #2655, .T. ) ;
#981 = CARTESIAN_POINT ( 'NONE',  ( 5.385164807134506404, 0.000000000000000000, -15.00000000000000000 ) ) ;
#982 = TOROIDAL_SURFACE ( 'NONE', #63, 13.00000000000000178, 1.000000000000000000 ) ;
#983 = DIRECTION ( 'NONE',  ( 0.000000000000000000, -1.000000000000000000, 0.000000000000000000 ) ) ;
#984 = CARTESIAN_POINT ( 'NONE',  ( 0.000000000000000000, 21.00000000000000000, 0.000000000000000000 ) ) ;
#985 = CARTESIAN_POINT ( 'NONE',  ( 0.000000000000000000, 1.000000000000000000, 0.000000000000000000 ) ) ;
#986 = CIRCLE ( 'NONE', #1335, 0.9999999999999997780 ) ;
#987 = CARTESIAN_POINT ( 'NONE',  ( -13.96885424395604680, 4.734548005945384830, -0.9333333333333331261 ) ) ;
#988 = CARTESIAN_POINT ( 'NONE',  ( 4.573405226214776853, 10.45720562132574649, -13.59988725084767935 ) ) ;
#989 = AXIS2_PLACEMENT_3D ( 'NONE', #385, #1906, #1088 ) ;
#990 = EDGE_LOOP ( 'NONE', ( #17, #6, #241, #1 ) ) ;
#991 = DIRECTION ( 'NONE',  ( 1.000000000000000000, -0.000000000000000000, 0.000000000000000000 ) ) ;
#992 = DIRECTION ( 'NONE',  ( -0.9977753031397177397, 0.000000000000000000, -0.06666666666666670737 ) ) ;
#993 = VERTEX_POINT ( 'NONE', #105 ) ;
#994 = CARTESIAN_POINT ( 'NONE',  ( 0.8239597992692953010, 17.43164173974428977, -14.47164535225755344 ) ) ;
#995 = FACE_OUTER_BOUND ( 'NONE', #853, .T. ) ;
#996 = CARTESIAN_POINT ( 'NONE',  ( 0.9512720734224905383, 7.582770716761577212, -13.97087308281434836 ) ) ;
#997 = CIRCLE ( 'NONE', #1700, 0.9999999999999991118 ) ;
#998 = AXIS2_PLACEMENT_3D ( 'NONE', #1319, #738, #1773 ) ;
#999 = AXIS2_PLACEMENT_3D ( 'NONE', #1646, #2264, #1658 ) ;
#1000 = AXIS2_PLACEMENT_3D ( 'NONE', #1994, #1150, #1574 ) ;
#1001 = VERTEX_POINT ( 'NONE', #710 ) ;
#1002 = CARTESIAN_POINT ( 'NONE',  ( 4.895604370122278226, 13.51639453522716927, -15.00000000000000000 ) ) ;
#1003 = EDGE_CURVE ( 'NONE', #101, #2372, #1626, .T. ) ;
#1004 = EDGE_LOOP ( 'NONE', ( #62, #210, #2252, #1472 ) ) ;
#1005 = DIRECTION ( 'NONE',  ( 0.000000000000000000, 0.000000000000000000, -1.000000000000000000 ) ) ;
#1006 = CARTESIAN_POINT ( 'NONE',  ( 14.96662954709576532, 1.000000000000000888, -1.000000000000000000 ) ) ;
#1007 = CARTESIAN_POINT ( 'NONE',  ( 13.71983646494325093, 4.338245022819627650, -0.9480995289023872452 ) ) ;
#1008 = CARTESIAN_POINT ( 'NONE',  ( 3.914720282259783524, 9.374696165389959646, -13.44656355622303323 ) ) ;
#1009 = VECTOR ( 'NONE', #2670, 1000.000000000000000 ) ;
#1010 = AXIS2_PLACEMENT_3D ( 'NONE', #1094, #1742, #1336 ) ;
#1011 = EDGE_LOOP ( 'NONE', ( #122, #1424, #1978, #1717, #1292 ) ) ;
#1012 = ADVANCED_FACE ( 'NONE', ( #2371 ), #2415, .T. ) ;
#1013 = CARTESIAN_POINT ( 'NONE',  ( 0.000000000000000000, 5.000000000000000888, -14.00000000000000000 ) ) ;
#1014 = VERTEX_POINT ( 'NONE', #894 ) ;
#1015 = CARTESIAN_POINT ( 'NONE',  ( -0.8192638254138981946, 17.43242576668018629, -14.38905614762986573 ) ) ;
#1016 = DIRECTION ( 'NONE',  ( 1.000000000000000000, 0.000000000000000000, -0.000000000000000000 ) ) ;
#1017 = CARTESIAN_POINT ( 'NONE',  ( -0.6779985186162977850, 7.413452426177349786, -14.13808327067909687 ) ) ;
#1018 = FACE_OUTER_BOUND ( 'NONE', #1884, .T. ) ;
#1019 = DIRECTION ( 'NONE',  ( 1.000000000000000000, 0.000000000000000000, 0.000000000000000000 ) ) ;
#1020 = CARTESIAN_POINT ( 'NONE',  ( 10.95445115010332238, 3.000000000000000000, -1.000000000000000000 ) ) ;
#1021 = VERTEX_POINT ( 'NONE', #1371 ) ;
#1022 = DIRECTION ( 'NONE',  ( 0.000000000000000000, 0.000000000000000000, -1.000000000000000000 ) ) ;
#1023 = ORIENTED_EDGE ( 'NONE', *, *, #2307, .F. ) ;
#1024 = CARTESIAN_POINT ( 'NONE',  ( 14.95361630540292808, 4.737758349861920237, -0.000000000000000000 ) ) ;
#1025 = EDGE_LOOP ( 'NONE', ( #88, #851, #1731, #1887 ) ) ;
#1026 = CARTESIAN_POINT ( 'NONE',  ( 15.99400787064464780, 21.94805146254888228, 0.5084462515623421330 ) ) ;
#1027 = EDGE_CURVE ( 'NONE', #20, #2312, #872, .T. ) ;
#1028 = FACE_OUTER_BOUND ( 'NONE', #405, .T. ) ;
#1029 = CARTESIAN_POINT ( 'NONE',  ( -14.98919136341669400, 20.61498587393900195, 0.2007419745147031309 ) ) ;
#1030 = AXIS2_PLACEMENT_3D ( 'NONE', #2221, #538, #1186 ) ;
#1031 = CARTESIAN_POINT ( 'NONE',  ( 13.76242727829798262, 4.389700134842533963, -0.9455077553353895548 ) ) ;
#1032 = CARTESIAN_POINT ( 'NONE',  ( 3.859493040322685697, 8.708697871354038611, -13.45911383214058965 ) ) ;
#1033 = LINE ( 'NONE', #27, #539 ) ;
#1034 = EDGE_CURVE ( 'NONE', #1209, #1372, #788, .T. ) ;
#1035 = ORIENTED_EDGE ( 'NONE', *, *, #682, .T. ) ;
#1036 = AXIS2_PLACEMENT_3D ( 'NONE', #1722, #1272, #689 ) ;
#1037 = DIRECTION ( 'NONE',  ( 1.000000000000000000, 0.000000000000000000, 0.000000000000000000 ) ) ;
#1038 = VERTEX_POINT ( 'NONE', #557 ) ;
#1039 = CARTESIAN_POINT ( 'NONE',  ( -10.95445115010332238, 4.000000000000000000, -1.000000000000000000 ) ) ;
#1040 = ORIENTED_EDGE ( 'NONE', *, *, #442, .F. ) ;
#1041 = DIRECTION ( 'NONE',  ( -0.000000000000000000, -1.000000000000000000, -0.000000000000000000 ) ) ;
#1042 = CARTESIAN_POINT ( 'NONE',  ( -0.8023884949330827299, 17.45720467068819559, -14.66279743664353852 ) ) ;
#1043 = DIRECTION ( 'NONE',  ( 0.000000000000000000, 0.000000000000000000, -1.000000000000000000 ) ) ;
#1044 = EDGE_CURVE ( 'NONE', #2608, #1189, #1909, .T. ) ;
#1045 = CARTESIAN_POINT ( 'NONE',  ( 13.58031947544084161, 4.199957472370804190, -0.9567721176490735502 ) ) ;
#1046 = CARTESIAN_POINT ( 'NONE',  ( 14.96662954709576709, 25.00000000000000000, 0.000000000000000000 ) ) ;
#1047 = CARTESIAN_POINT ( 'NONE',  ( 2.731302650265525767, 8.301903427568131377, -14.18812408605614372 ) ) ;
#1048 = EDGE_CURVE ( 'NONE', #1904, #2342, #221, .T. ) ;
#1049 = ORIENTED_EDGE ( 'NONE', *, *, #138, .T. ) ;
#1050 = CARTESIAN_POINT ( 'NONE',  ( -13.47957606099597250, 3.063502818635097213, 0.000000000000000000 ) ) ;
#1051 = VERTEX_POINT ( 'NONE', #2212 ) ;
#1052 =( BOUNDED_SURFACE ( )  B_SPLINE_SURFACE ( 3, 2, ( 
 ( #2072, #206, #2699 ),
 ( #833, #1671, #885 ),
 ( #641, #1504, #1026 ),
 ( #1086, #840, #1071 ),
 ( #2125, #1905, #36 ),
 ( #50, #2285, #1720 ),
 ( #616, #1475, #1922 ),
 ( #1297, #410, #2332 ),
 ( #2270, #656, #1056 ),
 ( #1240, #1679, #1490 ),
 ( #1461, #426, #1447 ),
 ( #2316, #2080, #2067 ) ),
 .UNSPECIFIED., .F., .F., .F. ) 
 B_SPLINE_SURFACE_WITH_KNOTS ( ( 4, 2, 2, 2, 2, 4 ),
 ( 3, 3 ),
 ( 0.001348849479737237620, 0.002130854427776422526, 0.002521856901796014870, 0.002912859375815607214, 0.003694864323854791903, 0.004476869271893976591 ),
 ( 0.000000000000000000, 1.000000000000000000 ),
 .UNSPECIFIED. ) 
 GEOMETRIC_REPRESENTATION_ITEM ( )  RATIONAL_B_SPLINE_SURFACE ( (
 ( 1.000000000000000000, 0.7071067811865475727, 1.000000000000000000),
 ( 1.000000000000000000, 0.7102315266910950164, 1.000000000000000000),
 ( 1.000000000000000000, 0.7107307755060593424, 1.000000000000000000),
 ( 1.000000000000000000, 0.7084622871028505298, 1.000000000000000000),
 ( 1.000000000000000000, 0.7072277998191867088, 1.000000000000000000),
 ( 1.000000000000000000, 0.7040895522027335041, 1.000000000000000000),
 ( 1.000000000000000000, 0.7021702656798503028, 1.000000000000000000),
 ( 1.000000000000000000, 0.6961446355620345416, 1.000000000000000000),
 ( 1.000000000000000000, 0.6916499470243522296, 1.000000000000000000),
 ( 1.000000000000000000, 0.6851422910235445141, 1.000000000000000000),
 ( 1.000000000000000000, 0.6830706355501651172, 1.000000000000000000),
 ( 1.000000000000000000, 0.6831300510639732870, 1.000000000000000000) ) ) 
 REPRESENTATION_ITEM ( '' )  SURFACE ( )  );
#1053 = EDGE_CURVE ( 'NONE', #2342, #2532, #2684, .T. ) ;
#1054 = CARTESIAN_POINT ( 'NONE',  ( 15.97814704561938903, 20.91094202747462916, -0.8378298043717228305 ) ) ;
#1055 = ORIENTED_EDGE ( 'NONE', *, *, #1879, .T. ) ;
#1056 = CARTESIAN_POINT ( 'NONE',  ( 15.98044293559205897, 21.00598495477540695, -0.7979926438131067501 ) ) ;
#1057 = CIRCLE ( 'NONE', #10, 15.00000000000000000 ) ;
#1058 = DIRECTION ( 'NONE',  ( -1.000000000000000000, 0.000000000000000000, 0.000000000000000000 ) ) ;
#1059 = CARTESIAN_POINT ( 'NONE',  ( 0.000000000000000000, 4.000000000000000000, 0.000000000000000000 ) ) ;
#1060 = CARTESIAN_POINT ( 'NONE',  ( 14.98414798516877688, 20.99999999999999645, 0.8689040135587156044 ) ) ;
#1061 = CARTESIAN_POINT ( 'NONE',  ( -15.96440485023548561, 21.00000000000000000, 1.066666666666667096 ) ) ;
#1062 = CARTESIAN_POINT ( 'NONE',  ( 2.227860516046888950, 8.014393405585931163, -14.29418810650939164 ) ) ;
#1063 = CARTESIAN_POINT ( 'NONE',  ( 0.000000000000000000, 22.00000000000000355, 16.00000000000000000 ) ) ;
#1064 = EDGE_CURVE ( 'NONE', #1623, #1014, #2183, .T. ) ;
#1065 = EDGE_LOOP ( 'NONE', ( #332, #612, #938, #603, #813 ) ) ;
#1066 = DIRECTION ( 'NONE',  ( 1.000000000000000000, 0.000000000000000000, -0.000000000000000000 ) ) ;
#1067 = ORIENTED_EDGE ( 'NONE', *, *, #2619, .F. ) ;
#1068 = CARTESIAN_POINT ( 'NONE',  ( 15.98174333525166624, 21.02861727495443489, -0.7683638145433728806 ) ) ;
#1069 = ORIENTED_EDGE ( 'NONE', *, *, #2659, .F. ) ;
#1070 = ORIENTED_EDGE ( 'NONE', *, *, #1124, .F. ) ;
#1071 = CARTESIAN_POINT ( 'NONE',  ( 16.00006595257646680, 21.79745855933285270, 0.1207926009578648152 ) ) ;
#1072 =( BOUNDED_SURFACE ( )  B_SPLINE_SURFACE ( 3, 2, ( 
 ( #1093, #1713, #1539 ),
 ( #1943, #1740, #453 ),
 ( #2574, #1929, #1304 ),
 ( #892, #294, #492 ),
 ( #666, #59, #2325 ),
 ( #2547, #1277, #2559 ),
 ( #681, #2104, #1524 ),
 ( #44, #1914, #2145 ),
 ( #278, #1108, #72 ),
 ( #708, #1125, #1898 ) ),
 .UNSPECIFIED., .F., .F., .F. ) 
 B_SPLINE_SURFACE_WITH_KNOTS ( ( 4, 2, 2, 2, 4 ),
 ( 3, 3 ),
 ( 1.653408313040394262E-18, 0.0005626903071526572798, 0.001125380614305312825, 0.001688070921457968370, 0.002250761228610623915 ),
 ( 0.000000000000000000, 1.000000000000000000 ),
 .UNSPECIFIED. ) 
 GEOMETRIC_REPRESENTATION_ITEM ( )  RATIONAL_B_SPLINE_SURFACE ( (
 ( 1.000000000000000000, 0.7071067811865481278, 1.000000000000000000),
 ( 1.000000000000000000, 0.6805884066006705480, 1.000000000000000000),
 ( 1.000000000000000000, 0.6587353074694347610, 1.000000000000000000),
 ( 1.000000000000000000, 0.6286773235301327256, 1.000000000000000000),
 ( 1.000000000000000000, 0.6205834459699604011, 1.000000000000000000),
 ( 1.000000000000000000, 0.6206497088302036502, 1.000000000000000000),
 ( 1.000000000000000000, 0.6287504115689845907, 1.000000000000000000),
 ( 1.000000000000000000, 0.6587715957403839084, 1.000000000000000000),
 ( 1.000000000000000000, 0.6805906984265266413, 1.000000000000000000),
 ( 1.000000000000000000, 0.7071067811865481278, 1.000000000000000000) ) ) 
 REPRESENTATION_ITEM ( '' )  SURFACE ( )  );
#1073 = DIRECTION ( 'NONE',  ( -0.000000000000000000, -1.000000000000000000, 0.000000000000000000 ) ) ;
#1074 = DIRECTION ( 'NONE',  ( -1.000000000000000000, 0.000000000000000000, 0.000000000000000000 ) ) ;
#1075 = CARTESIAN_POINT ( 'NONE',  ( 14.98173438959614678, 20.50414385914142201, 0.1266150294487376482 ) ) ;
#1076 = CARTESIAN_POINT ( 'NONE',  ( -16.01691917611266547, 20.64390128896303622, 0.2314685010776713070 ) ) ;
#1077 = CARTESIAN_POINT ( 'NONE',  ( 5.000000000000000000, 12.49999999998615507, -13.41640786499873705 ) ) ;
#1078 = VECTOR ( 'NONE', #1090, 1000.000000000000000 ) ;
#1079 = EDGE_CURVE ( 'NONE', #1834, #2475, #1702, .T. ) ;
#1080 = DIRECTION ( 'NONE',  ( 0.000000000000000000, 0.000000000000000000, 1.000000000000000000 ) ) ;
#1081 = ORIENTED_EDGE ( 'NONE', *, *, #2242, .F. ) ;
#1082 = DIRECTION ( 'NONE',  ( 0.000000000000000000, 0.000000000000000000, -1.000000000000000000 ) ) ;
#1083 = CARTESIAN_POINT ( 'NONE',  ( 14.96662954709576709, 5.000000000000000888, 0.000000000000000000 ) ) ;
#1084 = ORIENTED_EDGE ( 'NONE', *, *, #1257, .T. ) ;
#1085 = VERTEX_POINT ( 'NONE', #779 ) ;
#1086 = CARTESIAN_POINT ( 'NONE',  ( 15.00006183152123285, 20.89872927883696008, 0.5566215320503530295 ) ) ;
#1087 = CIRCLE ( 'NONE', #2623, 1.000000000000000000 ) ;
#1088 = DIRECTION ( 'NONE',  ( 0.000000000000000000, 0.000000000000000000, -1.000000000000000000 ) ) ;
#1089 = DIRECTION ( 'NONE',  ( 0.000000000000000000, -1.000000000000000000, 0.000000000000000000 ) ) ;
#1090 = DIRECTION ( 'NONE',  ( 1.000000000000000000, -0.000000000000000000, -0.000000000000000000 ) ) ;
#1091 = CARTESIAN_POINT ( 'NONE',  ( -14.98212439725129563, 20.50112131390367054, 0.1321565972467740879 ) ) ;
#1092 = CARTESIAN_POINT ( 'NONE',  ( 2.585218650771640370, 16.79047381743625778, -13.76374135997865622 ) ) ;
#1093 = CARTESIAN_POINT ( 'NONE',  ( -5.385164807134504628, 11.38196601125010687, -15.00000000000000000 ) ) ;
#1094 = CARTESIAN_POINT ( 'NONE',  ( 5.385164807134506404, 1.000000000000000888, -13.99999999999999822 ) ) ;
#1095 = CARTESIAN_POINT ( 'NONE',  ( 0.000000000000000000, 12.50000000000000000, -14.49999999999999822 ) ) ;
#1096 = VERTEX_POINT ( 'NONE', #12 ) ;
#1097 = ORIENTED_EDGE ( 'NONE', *, *, #1124, .T. ) ;
#1098 = CARTESIAN_POINT ( 'NONE',  ( -4.554691994686174361, 10.43012843161122838, -13.24255573213829429 ) ) ;
#1099 = ADVANCED_FACE ( 'NONE', ( #1260 ), #2087, .T. ) ;
#1100 = CARTESIAN_POINT ( 'NONE',  ( -0.4366087898665522715, 17.87092366884699146, -15.00000000000000178 ) ) ;
#1101 = CARTESIAN_POINT ( 'NONE',  ( 5.615027650007403004, 12.31072285182928638, -14.97322305415565857 ) ) ;
#1102 = CIRCLE ( 'NONE', #408, 10.00000000000000000 ) ;
#1103 = CARTESIAN_POINT ( 'NONE',  ( -4.846281354651821971, 13.77150309912900994, -13.48468406677730513 ) ) ;
#1104 = VECTOR ( 'NONE', #1443, 1000.000000000000000 ) ;
#1105 = DIRECTION ( 'NONE',  ( 1.000000000000000000, 0.000000000000000000, 0.000000000000000000 ) ) ;
#1106 = DIRECTION ( 'NONE',  ( -0.9977753031397177397, 0.000000000000000000, -0.06666666666666670737 ) ) ;
#1107 = AXIS2_PLACEMENT_3D ( 'NONE', #317, #925, #2401 ) ;
#1108 = CARTESIAN_POINT ( 'NONE',  ( -4.933422104857149826, 13.33424018641007613, -15.03896003154974181 ) ) ;
#1109 = CARTESIAN_POINT ( 'NONE',  ( -5.247449880558901825, 11.63897677745815429, -12.97942099628583890 ) ) ;
#1110 = CARTESIAN_POINT ( 'NONE',  ( 4.746074898707985490, 14.98788191273073700, -13.17200871128993178 ) ) ;
#1111 = VERTEX_POINT ( 'NONE', #845 ) ;
#1112 = ORIENTED_EDGE ( 'NONE', *, *, #1053, .T. ) ;
#1113 = CARTESIAN_POINT ( 'NONE',  ( -3.829447697945584039, 9.269432713422613546, -13.87692943274232249 ) ) ;
#1114 = EDGE_CURVE ( 'NONE', #512, #199, #2276, .T. ) ;
#1115 = DIRECTION ( 'NONE',  ( 0.000000000000000000, 0.000000000000000000, 1.000000000000000000 ) ) ;
#1116 = CARTESIAN_POINT ( 'NONE',  ( -13.96885424395604858, 21.00000000000000000, -0.9333333333333334592 ) ) ;
#1117 = AXIS2_PLACEMENT_3D ( 'NONE', #1965, #1132, #1115 ) ;
#1118 = CARTESIAN_POINT ( 'NONE',  ( -5.310336891472736909, 12.32241886379453355, -12.95377636440961489 ) ) ;
#1119 = ADVANCED_FACE ( 'NONE', ( #416 ), #2513, .F. ) ;
#1120 = FACE_OUTER_BOUND ( 'NONE', #990, .T. ) ;
#1121 = DIRECTION ( 'NONE',  ( 0.000000000000000000, 0.000000000000000000, -1.000000000000000000 ) ) ;
#1122 = CARTESIAN_POINT ( 'NONE',  ( 1.966740674617297957, 17.61942478988286354, -13.86448127376197625 ) ) ;
#1123 = ORIENTED_EDGE ( 'NONE', *, *, #569, .F. ) ;
#1124 = EDGE_CURVE ( 'NONE', #1163, #2612, #1222, .T. ) ;
#1125 = CARTESIAN_POINT ( 'NONE',  ( -4.895604370122277338, 13.51639453522717815, -15.00000000000000000 ) ) ;
#1126 = EDGE_CURVE ( 'NONE', #668, #640, #1200, .T. ) ;
#1127 = CARTESIAN_POINT ( 'NONE',  ( -4.322037841722480955, 9.286293058135431266, -13.31743626399783942 ) ) ;
#1128 = AXIS2_PLACEMENT_3D ( 'NONE', #2209, #2398, #764 ) ;
#1129 = CARTESIAN_POINT ( 'NONE',  ( 0.000000000000000000, 22.00000000000000355, 15.00000000000000000 ) ) ;
#1130 = ORIENTED_EDGE ( 'NONE', *, *, #2626, .T. ) ;
#1131 = UNCERTAINTY_MEASURE_WITH_UNIT (LENGTH_MEASURE( 1.000000000000000082E-05 ), #1581, 'distance_accuracy_value', 'NONE');
#1132 = DIRECTION ( 'NONE',  ( 0.000000000000000000, 1.000000000000000000, 0.000000000000000000 ) ) ;
#1133 = DIRECTION ( 'NONE',  ( 0.000000000000000000, 1.000000000000000000, 0.000000000000000000 ) ) ;
#1134 = LOCAL_TIME ( 21, 36, 31.00000000000000000, #354 ) ;
#1135 = VECTOR ( 'NONE', #1167, 1000.000000000000000 ) ;
#1136 = CARTESIAN_POINT ( 'NONE',  ( -1.555721629077285506, 17.77046084664654302, -13.91725589475732505 ) ) ;
#1137 = VECTOR ( 'NONE', #1617, 1000.000000000000000 ) ;
#1138 = DIRECTION ( 'NONE',  ( -0.09090909090909091161, 0.000000000000000000, 0.9958591954639384181 ) ) ;
#1139 = CARTESIAN_POINT ( 'NONE',  ( -13.48589212454645292, 3.051861743013422501, 0.000000000000000000 ) ) ;
#1140 = AXIS2_PLACEMENT_3D ( 'NONE', #821, #1672, #2497 ) ;
#1141 = DIRECTION ( 'NONE',  ( 0.000000000000000000, -0.000000000000000000, -1.000000000000000000 ) ) ;
#1142 = CARTESIAN_POINT ( 'NONE',  ( -15.96910015133926741, 20.53357886799906851, -0.9943198665787209567 ) ) ;
#1143 = VECTOR ( 'NONE', #1133, 1000.000000000000000 ) ;
#1144 = ORIENTED_EDGE ( 'NONE', *, *, #598, .T. ) ;
#1145 = CARTESIAN_POINT ( 'NONE',  ( -4.973103586937388521, 11.90433825362022979, -13.42864053420426451 ) ) ;
#1146 = CARTESIAN_POINT ( 'NONE',  ( -0.3239597992693178941, 7.009549194423340346, -15.00000000000000000 ) ) ;
#1147 = FACE_OUTER_BOUND ( 'NONE', #935, .T. ) ;
#1148 = ORIENTED_EDGE ( 'NONE', *, *, #2424, .T. ) ;
#1149 = CARTESIAN_POINT ( 'NONE',  ( -5.385164807134505516, 25.00000000000000000, -13.99999999999999822 ) ) ;
#1150 = DIRECTION ( 'NONE',  ( 0.000000000000000000, 1.000000000000000000, -0.000000000000000000 ) ) ;
#1151 = CARTESIAN_POINT ( 'NONE',  ( -4.739480664791343223, 14.12588103580786125, -13.17815321489911007 ) ) ;
#1152 = ORIENTED_EDGE ( 'NONE', *, *, #104, .T. ) ;
#1153 = CARTESIAN_POINT ( 'NONE',  ( -5.385164807134506404, 24.00000000000000000, -14.00000000000000000 ) ) ;
#1154 = DIRECTION ( 'NONE',  ( 0.000000000000000000, -1.000000000000000000, 0.000000000000000000 ) ) ;
#1155 = DATE_AND_TIME ( #2439, #2085 ) ;
#1156 = CARTESIAN_POINT ( 'NONE',  ( -15.98857317447904158, 21.24381229571597629, -0.6098778906885855555 ) ) ;
#1157 = VECTOR ( 'NONE', #2, 1000.000000000000000 ) ;
#1158 = VERTEX_POINT ( 'NONE', #403 ) ;
#1159 = FACE_OUTER_BOUND ( 'NONE', #605, .T. ) ;
#1160 = CARTESIAN_POINT ( 'NONE',  ( -5.064236555191962807, 10.81005695617333551, -13.05259070490979845 ) ) ;
#1161 = ADVANCED_FACE ( 'NONE', ( #1245 ), #1052, .T. ) ;
#1162 = CYLINDRICAL_SURFACE ( 'NONE', #1264, 10.00000000000000000 ) ;
#1163 = VERTEX_POINT ( 'NONE', #257 ) ;
#1164 = CARTESIAN_POINT ( 'NONE',  ( -10.95445115010332238, 3.000000000000000000, -1.000000000000000000 ) ) ;
#1165 = CARTESIAN_POINT ( 'NONE',  ( -5.147085024688386135, 13.89865340895615731, -13.01969496146010563 ) ) ;
#1166 = EDGE_CURVE ( 'NONE', #1554, #1111, #1691, .T. ) ;
#1167 = DIRECTION ( 'NONE',  ( -0.000000000000000000, -0.000000000000000000, 1.000000000000000000 ) ) ;
#1168 = CARTESIAN_POINT ( 'NONE',  ( -14.00164496349833421, 4.720980303414414436, 0.000000000000000000 ) ) ;
#1169 = CARTESIAN_POINT ( 'NONE',  ( 4.944852342724794347, 13.25545866432836917, -13.44115421752471562 ) ) ;
#1170 = ORIENTED_EDGE ( 'NONE', *, *, #1340, .T. ) ;
#1171 = CARTESIAN_POINT ( 'NONE',  ( -1.117916475451177227, 7.617433994799538866, -14.45140894047591118 ) ) ;
#1172 = CARTESIAN_POINT ( 'NONE',  ( 4.415582135793463259, 10.13422913541607429, -13.29036540592455218 ) ) ;
#1173 = EDGE_CURVE ( 'NONE', #1856, #1623, #1102, .T. ) ;
#1174 = CARTESIAN_POINT ( 'NONE',  ( 0.000000000000000000, 25.00000000000000000, 0.000000000000000000 ) ) ;
#1175 = ORIENTED_EDGE ( 'NONE', *, *, #1221, .F. ) ;
#1176 = VECTOR ( 'NONE', #1498, 1000.000000000000000 ) ;
#1177 = CARTESIAN_POINT ( 'NONE',  ( 4.958360397681214060, 13.16507832535196343, -15.06696282896694505 ) ) ;
#1178 = CYLINDRICAL_SURFACE ( 'NONE', #2273, 14.00000000000000000 ) ;
#1179 = CARTESIAN_POINT ( 'NONE',  ( -12.96148139681572076, 2.999999999999999112, -1.000000000000000000 ) ) ;
#1180 = CARTESIAN_POINT ( 'NONE',  ( 0.000000000000000000, 4.000000000000000000, 0.000000000000000000 ) ) ;
#1181 = APPROVAL_DATE_TIME ( #1793, #1380 ) ;
#1182 = CARTESIAN_POINT ( 'NONE',  ( 3.918462902543573101, 15.62072436791759777, -13.44548658773429217 ) ) ;
#1183 = APPROVAL_PERSON_ORGANIZATION ( #732, #1600, #760 ) ;
#1184 = CIRCLE ( 'NONE', #447, 1.000000000000000000 ) ;
#1185 = EDGE_CURVE ( 'NONE', #883, #383, #1861, .T. ) ;
#1186 = DIRECTION ( 'NONE',  ( 0.000000000000000000, 0.000000000000000000, -1.000000000000000000 ) ) ;
#1187 = CARTESIAN_POINT ( 'NONE',  ( 3.570234007508101381, 8.415321546743102843, -13.53950826136188645 ) ) ;
#1188 = CARTESIAN_POINT ( 'NONE',  ( 2.352355475853354250, 7.558378167833417649, -13.80374809497622302 ) ) ;
#1189 = VERTEX_POINT ( 'NONE', #2520 ) ;
#1190 = CARTESIAN_POINT ( 'NONE',  ( -0.5485462269541709901, 7.252069330050018969, -14.96366390364122623 ) ) ;
#1191 = CARTESIAN_POINT ( 'NONE',  ( -0.6779960359606220788, 17.58655035437855574, -14.13808074093595835 ) ) ;
#1192 = CARTESIAN_POINT ( 'NONE',  ( 12.97107894081633006, 21.00000000000000000, -0.8666666666666665853 ) ) ;
#1193 = DIRECTION ( 'NONE',  ( 0.000000000000000000, 0.000000000000000000, 1.000000000000000000 ) ) ;
#1194 = EDGE_LOOP ( 'NONE', ( #2105, #2428, #739 ) ) ;
#1195 = CARTESIAN_POINT ( 'NONE',  ( -5.000041533419095074, 12.20411806967928214, -13.41638913590335669 ) ) ;
#1196 = CARTESIAN_POINT ( 'NONE',  ( 2.063169888322827106, 7.935502105126243322, -13.85104954872838334 ) ) ;
#1197 = VECTOR ( 'NONE', #737, 1000.000000000000000 ) ;
#1198 = EDGE_LOOP ( 'NONE', ( #2652, #2024, #2487, #1560 ) ) ;
#1199 = LINE ( 'NONE', #604, #1104 ) ;
#1200 = CIRCLE ( 'NONE', #763, 1.000000000000000000 ) ;
#1201 = DIRECTION ( 'NONE',  ( 0.06666666666666672125, -1.156482317317871232E-16, -0.9977753031397178507 ) ) ;
#1202 = ADVANCED_FACE ( 'NONE', ( #673 ), #864, .T. ) ;
#1203 = DIRECTION ( 'NONE',  ( 0.000000000000000000, 0.000000000000000000, -1.000000000000000000 ) ) ;
#1204 = CARTESIAN_POINT ( 'NONE',  ( 0.000000000000000000, 5.000000000000000888, -13.00000000000000178 ) ) ;
#1205 = AXIS2_PLACEMENT_3D ( 'NONE', #1462, #2286, #189 ) ;
#1206 = DIRECTION ( 'NONE',  ( 1.000000000000000000, 0.000000000000000000, 0.000000000000000000 ) ) ;
#1207 = CARTESIAN_POINT ( 'NONE',  ( 5.080839020254705574, 10.86722079180614564, -13.04604811727019253 ) ) ;
#1208 = EDGE_CURVE ( 'NONE', #825, #1904, #2658, .T. ) ;
#1209 = VERTEX_POINT ( 'NONE', #968 ) ;
#1210 = FACE_OUTER_BOUND ( 'NONE', #1573, .T. ) ;
#1211 = VERTEX_POINT ( 'NONE', #573 ) ;
#1212 = CARTESIAN_POINT ( 'NONE',  ( -0.8239597992693179496, 0.000000000000000000, -15.00000000000000000 ) ) ;
#1213 = AXIS2_PLACEMENT_3D ( 'NONE', #505, #40, #663 ) ;
#1214 = CARTESIAN_POINT ( 'NONE',  ( -0.3239597992693178941, 17.43164173974428977, -15.00000000000000000 ) ) ;
#1215 = DIRECTION ( 'NONE',  ( -8.673617379884027583E-16, 0.000000000000000000, -1.000000000000000000 ) ) ;
#1216 = EDGE_LOOP ( 'NONE', ( #1690, #807, #2107, #638, #2538 ) ) ;
#1217 = DIRECTION ( 'NONE',  ( -1.000000000000000000, 0.000000000000000000, -0.000000000000000000 ) ) ;
#1218 = DIRECTION ( 'NONE',  ( 0.000000000000000000, -1.000000000000000000, 0.000000000000000000 ) ) ;
#1219 = CC_DESIGN_APPROVAL ( #2555, ( #1698 ) ) ;
#1220 = TOROIDAL_SURFACE ( 'NONE', #1358, 5.500000000000001776, 0.5000000000000000000 ) ;
#1221 = EDGE_CURVE ( 'NONE', #2475, #281, #1621, .T. ) ;
#1222 = CIRCLE ( 'NONE', #2403, 1.000000000000000888 ) ;
#1223 = AXIS2_PLACEMENT_3D ( 'NONE', #2602, #477, #1315 ) ;
#1224 = ORIENTED_EDGE ( 'NONE', *, *, #700, .F. ) ;
#1225 = CARTESIAN_POINT ( 'NONE',  ( 4.956461868567215490, 13.18011403939454240, -14.49587950113637547 ) ) ;
#1226 = ORIENTED_EDGE ( 'NONE', *, *, #1208, .F. ) ;
#1227 = DIRECTION ( 'NONE',  ( 0.000000000000000000, 1.000000000000000000, -0.000000000000000000 ) ) ;
#1228 = ORIENTED_EDGE ( 'NONE', *, *, #2382, .F. ) ;
#1229 = CARTESIAN_POINT ( 'NONE',  ( -14.96662954709576532, 21.00000000000000000, 1.000000000000000000 ) ) ;
#1230 = DATE_AND_TIME ( #2011, #1134 ) ;
#1231 = CARTESIAN_POINT ( 'NONE',  ( 13.22899289979274329, 4.006862186057601249, 1.431140486338030734E-14 ) ) ;
#1232 = DIRECTION ( 'NONE',  ( 0.000000000000000000, 0.000000000000000000, 1.000000000000000000 ) ) ;
#1233 = AXIS2_PLACEMENT_3D ( 'NONE', #1391, #2031, #2215 ) ;
#1234 =( BOUNDED_SURFACE ( )  B_SPLINE_SURFACE ( 3, 2, ( 
 ( #2430, #567, #931 ),
 ( #1509, #2131, #463 ),
 ( #1911, #1494, #41 ),
 ( #2116, #2321, #2527 ),
 ( #1091, #1289, #26 ),
 ( #664, #1275, #247 ),
 ( #2544, #1076, #875 ),
 ( #1711, #679, #2337 ),
 ( #1479, #476, #2305 ),
 ( #1301, #858, #261 ),
 ( #1926, #449, #2101 ),
 ( #233, #1061, #1896 ) ),
 .UNSPECIFIED., .F., .F., .F. ) 
 B_SPLINE_SURFACE_WITH_KNOTS ( ( 4, 2, 2, 2, 2, 4 ),
 ( 3, 3 ),
 ( 0.001341828508600286223, 0.002123893887026271840, 0.002514926576239264432, 0.002905959265452257023, 0.003688024643878242206, 0.004470090022304227390 ),
 ( 0.000000000000000000, 1.000000000000000000 ),
 .UNSPECIFIED. ) 
 GEOMETRIC_REPRESENTATION_ITEM ( )  RATIONAL_B_SPLINE_SURFACE ( (
 ( 1.000000000000000000, 0.6831300510639731760, 1.000000000000000000),
 ( 1.000000000000000000, 0.6830827586731137435, 1.000000000000000000),
 ( 1.000000000000000000, 0.6851318333360396640, 1.000000000000000000),
 ( 1.000000000000000000, 0.6900486523500113378, 1.000000000000000000),
 ( 1.000000000000000000, 0.6919609971761551126, 1.000000000000000000),
 ( 1.000000000000000000, 0.6960187274873068652, 1.000000000000000000),
 ( 1.000000000000000000, 0.6981761268559787403, 1.000000000000000000),
 ( 1.000000000000000000, 0.7041998828199660387, 1.000000000000000000),
 ( 1.000000000000000000, 0.7077269857668084807, 1.000000000000000000),
 ( 1.000000000000000000, 0.7107222864212903168, 1.000000000000000000),
 ( 1.000000000000000000, 0.7102211710286800983, 1.000000000000000000),
 ( 1.000000000000000000, 0.7071067811865475727, 1.000000000000000000) ) ) 
 REPRESENTATION_ITEM ( '' )  SURFACE ( )  );
#1235 = AXIS2_PLACEMENT_3D ( 'NONE', #468, #1857, #2689 ) ;
#1236 = ORIENTED_EDGE ( 'NONE', *, *, #1841, .T. ) ;
#1237 = CARTESIAN_POINT ( 'NONE',  ( -13.84929381369064139, 3.201862320401223982, 0.000000000000000000 ) ) ;
#1238 = VERTEX_POINT ( 'NONE', #188 ) ;
#1239 = ORIENTED_EDGE ( 'NONE', *, *, #831, .T. ) ;
#1240 = CARTESIAN_POINT ( 'NONE',  ( 14.97037531293763202, 20.26220195723909612, 0.02622857317310495900 ) ) ;
#1241 = CARTESIAN_POINT ( 'NONE',  ( -10.95445115010332238, 3.000000000000000000, -1.000000000000000000 ) ) ;
#1242 = CARTESIAN_POINT ( 'NONE',  ( 12.96148139681572076, 4.000000000000000000, -1.000000000000000000 ) ) ;
#1243 = EDGE_CURVE ( 'NONE', #2372, #993, #1930, .T. ) ;
#1244 = CARTESIAN_POINT ( 'NONE',  ( 14.19277207711431821, 3.399914943417718050, 0.000000000000000000 ) ) ;
#1245 = FACE_OUTER_BOUND ( 'NONE', #425, .T. ) ;
#1246 = CARTESIAN_POINT ( 'NONE',  ( 0.000000000000000000, 20.00000000000000000, 0.000000000000000000 ) ) ;
#1247 = CIRCLE ( 'NONE', #989, 1.000000000000000888 ) ;
#1248 = ORIENTED_EDGE ( 'NONE', *, *, #1003, .F. ) ;
#1249 = ADVANCED_FACE ( 'NONE', ( #2008 ), #2468, .T. ) ;
#1250 = DIRECTION ( 'NONE',  ( 0.2032789070454331382, -0.9791208740244558006, 0.000000000000000000 ) ) ;
#1251 = VERTEX_POINT ( 'NONE', #1652 ) ;
#1252 = FACE_OUTER_BOUND ( 'NONE', #1194, .T. ) ;
#1253 = EDGE_LOOP ( 'NONE', ( #1426, #2182, #2284 ) ) ;
#1254 = CARTESIAN_POINT ( 'NONE',  ( -0.5022910599295639100, 7.515813445480153732, -13.99440781550092971 ) ) ;
#1255 = CARTESIAN_POINT ( 'NONE',  ( 4.895604370122279114, 11.48360546477283428, -14.49999999999999822 ) ) ;
#1256 = DIRECTION ( 'NONE',  ( 1.000000000000000000, 0.000000000000000000, 0.000000000000000000 ) ) ;
#1257 = EDGE_CURVE ( 'NONE', #1211, #1856, #626, .T. ) ;
#1258 = AXIS2_PLACEMENT_3D ( 'NONE', #1288, #1710, #1925 ) ;
#1259 = CARTESIAN_POINT ( 'NONE',  ( 13.48643063567784850, 3.052233691905695601, 0.000000000000000000 ) ) ;
#1260 = FACE_OUTER_BOUND ( 'NONE', #35, .T. ) ;
#1261 = CARTESIAN_POINT ( 'NONE',  ( -15.96440485023548383, 22.00000000000000355, 1.066666666666666652 ) ) ;
#1262 = ADVANCED_FACE ( 'NONE', ( #804, #350 ), #1178, .F. ) ;
#1263 = ORIENTED_EDGE ( 'NONE', *, *, #1664, .T. ) ;
#1264 = AXIS2_PLACEMENT_3D ( 'NONE', #541, #1761, #1977 ) ;
#1265 = CARTESIAN_POINT ( 'NONE',  ( -10.95445115010332238, 2.999999999999999112, -1.000000000000000000 ) ) ;
#1266 = ORIENTED_EDGE ( 'NONE', *, *, #325, .T. ) ;
#1267 = CARTESIAN_POINT ( 'NONE',  ( 14.86403938100959010, 4.354894410259833926, -0.000000000000000000 ) ) ;
#1268 = CIRCLE ( 'NONE', #1000, 11.00000000000000000 ) ;
#1269 = ORIENTED_EDGE ( 'NONE', *, *, #838, .T. ) ;
#1270 = CARTESIAN_POINT ( 'NONE',  ( 0.3239597992693352690, 7.442625475513007324E-16, -15.00000000000000000 ) ) ;
#1271 = CARTESIAN_POINT ( 'NONE',  ( 2.731858552590633593, 16.69790835884241531, -14.18804425603476460 ) ) ;
#1272 = DIRECTION ( 'NONE',  ( 2.297391680171193602E-15, -1.000000000000000000, 0.000000000000000000 ) ) ;
#1273 = EDGE_CURVE ( 'NONE', #1958, #2120, #1497, .T. ) ;
#1274 = DIRECTION ( 'NONE',  ( 0.000000000000000000, 1.000000000000000000, 0.000000000000000000 ) ) ;
#1275 = CARTESIAN_POINT ( 'NONE',  ( -16.01986221914743069, 20.58979236897294030, 0.1893934663685581665 ) ) ;
#1276 = DIRECTION ( 'NONE',  ( -0.000000000000000000, -1.000000000000000000, -0.000000000000000000 ) ) ;
#1277 = CARTESIAN_POINT ( 'NONE',  ( -4.999965456756556570, 12.66677113290059431, -15.11831058258641036 ) ) ;
#1278 = ORIENTED_EDGE ( 'NONE', *, *, #1622, .T. ) ;
#1279 = CARTESIAN_POINT ( 'NONE',  ( 4.933422104857197787, 11.66575981358971958, -15.03896003155039018 ) ) ;
#1280 = ORIENTED_EDGE ( 'NONE', *, *, #574, .F. ) ;
#1281 = CARTESIAN_POINT ( 'NONE',  ( 15.96440485023548383, 20.00000000000000000, -1.066666666666666874 ) ) ;
#1282 = VERTEX_POINT ( 'NONE', #2020 ) ;
#1283 = VERTEX_POINT ( 'NONE', #2041 ) ;
#1284 = CARTESIAN_POINT ( 'NONE',  ( -2.288175332921996930, 8.050899231336909878, -13.81410511978196709 ) ) ;
#1285 = FACE_OUTER_BOUND ( 'NONE', #2387, .T. ) ;
#1286 = DIRECTION ( 'NONE',  ( 0.000000000000000000, 0.000000000000000000, 1.000000000000000000 ) ) ;
#1287 = EDGE_CURVE ( 'NONE', #1332, #2076, #1633, .T. ) ;
#1288 = CARTESIAN_POINT ( 'NONE',  ( 0.000000000000000000, 1.000000000000000000, -11.00000000000000000 ) ) ;
#1289 = CARTESIAN_POINT ( 'NONE',  ( -16.02511776825305034, 20.47846411353627261, 0.1190310139814036300 ) ) ;
#1290 = CARTESIAN_POINT ( 'NONE',  ( 4.463486082220891937, 10.22790090662608975, -13.64452007241609977 ) ) ;
#1291 = CARTESIAN_POINT ( 'NONE',  ( -0.8233496721738829960, 17.43174363864659782, -14.47168736996383487 ) ) ;
#1292 = ORIENTED_EDGE ( 'NONE', *, *, #2579, .F. ) ;
#1293 = CARTESIAN_POINT ( 'NONE',  ( 5.461734077209944971, 11.56636923636490266, -15.00000000000000000 ) ) ;
#1294 = FACE_OUTER_BOUND ( 'NONE', #2432, .T. ) ;
#1295 = ORIENTED_EDGE ( 'NONE', *, *, #645, .T. ) ;
#1296 = ORIENTED_EDGE ( 'NONE', *, *, #325, .F. ) ;
#1297 = CARTESIAN_POINT ( 'NONE',  ( 14.98916870743864216, 20.61462899046221509, 0.2004602433949331242 ) ) ;
#1298 = DIRECTION ( 'NONE',  ( 0.000000000000000000, 0.000000000000000000, -1.000000000000000000 ) ) ;
#1299 = DIRECTION ( 'NONE',  ( 0.000000000000000000, 0.000000000000000000, -1.000000000000000000 ) ) ;
#1300 = DIRECTION ( 'NONE',  ( 0.000000000000000000, 0.000000000000000000, 1.000000000000000000 ) ) ;
#1301 = CARTESIAN_POINT ( 'NONE',  ( -14.99437351918138539, 20.97385534759015968, 0.7381062891980179064 ) ) ;
#1302 = CARTESIAN_POINT ( 'NONE',  ( 2.127794810860908381, 17.03454472975526812, -14.31286808678218492 ) ) ;
#1303 = TOROIDAL_SURFACE ( 'NONE', #1862, 11.00000000000000000, 1.000000000000000000 ) ;
#1304 = CARTESIAN_POINT ( 'NONE',  ( -4.956461868567215490, 11.81988596060544516, -14.49587950113637369 ) ) ;
#1305 = EDGE_CURVE ( 'NONE', #1781, #1282, #888, .T. ) ;
#1306 = LINE ( 'NONE', #1572, #1197 ) ;
#1307 = CARTESIAN_POINT ( 'NONE',  ( 15.99984050895672461, 21.80855255888293343, 0.1456402810986313912 ) ) ;
#1308 = ORIENTED_EDGE ( 'NONE', *, *, #284, .F. ) ;
#1309 = ORIENTED_EDGE ( 'NONE', *, *, #2353, .F. ) ;
#1310 = AXIS2_PLACEMENT_3D ( 'NONE', #1693, #856, #1043 ) ;
#1311 = CARTESIAN_POINT ( 'NONE',  ( -4.508777750813916185, 10.33290369106024542, -13.62568161727243954 ) ) ;
#1312 = CARTESIAN_POINT ( 'NONE',  ( -0.7353399403191707151, 17.53536039628088261, -14.79353603145447060 ) ) ;
#1313 = CARTESIAN_POINT ( 'NONE',  ( 14.96662954709576709, 1.000000000000000888, -1.000000000000000222 ) ) ;
#1314 = CARTESIAN_POINT ( 'NONE',  ( -0.8239597992693179496, 7.568358260255711123, -14.48814693072671567 ) ) ;
#1315 = DIRECTION ( 'NONE',  ( 0.000000000000000000, 0.000000000000000000, 1.000000000000000000 ) ) ;
#1316 = DIRECTION ( 'NONE',  ( 1.000000000000000000, 0.000000000000000000, 0.000000000000000000 ) ) ;
#1317 = CARTESIAN_POINT ( 'NONE',  ( -3.669941533678363843, 8.509876450240760448, -13.51247360870739378 ) ) ;
#1318 = EDGE_CURVE ( 'NONE', #187, #590, #1714, .T. ) ;
#1319 = CARTESIAN_POINT ( 'NONE',  ( 0.000000000000000000, 24.00000000000000000, 0.000000000000000000 ) ) ;
#1320 = EDGE_LOOP ( 'NONE', ( #1663, #14, #483, #2213 ) ) ;
#1321 = ORIENTED_EDGE ( 'NONE', *, *, #2228, .T. ) ;
#1322 = CARTESIAN_POINT ( 'NONE',  ( -4.024756949913014914, 9.516585811761729019, -13.80902581886519087 ) ) ;
#1323 = DIRECTION ( 'NONE',  ( 0.000000000000000000, 1.000000000000000000, 0.000000000000000000 ) ) ;
#1324 = DIRECTION ( 'NONE',  ( -0.000000000000000000, -1.000000000000000000, -0.000000000000000000 ) ) ;
#1325 = B_SPLINE_CURVE_WITH_KNOTS ( 'NONE', 3,
 ( #1734, #302, #1981, #2566, #80, #910, #559, #1374, #1390, #2598 ),
 .UNSPECIFIED., .F., .F.,
 ( 4, 2, 2, 2, 4 ),
 ( 0.000000000000000000, 0.0005767960258053741931, 0.001153592051610748386, 0.001730388077416122579, 0.002307184103221496772 ),
 .UNSPECIFIED. ) ;
#1326 = CARTESIAN_POINT ( 'NONE',  ( -4.335714987294515765, 15.01182834588614590, -13.31686751795412960 ) ) ;
#1327 = AXIS2_PLACEMENT_3D ( 'NONE', #1500, #2533, #880 ) ;
#1328 = CARTESIAN_POINT ( 'NONE',  ( -12.96148139681572076, 4.000000000000000888, 0.000000000000000000 ) ) ;
#1329 = PLANE ( 'NONE',  #2621 ) ;
#1330 = EDGE_CURVE ( 'NONE', #993, #1021, #1377, .T. ) ;
#1331 = CARTESIAN_POINT ( 'NONE',  ( 1.791674042627313668, 17.17728700187050705, -13.88871276227015805 ) ) ;
#1332 = VERTEX_POINT ( 'NONE', #2259 ) ;
#1333 = CIRCLE ( 'NONE', #1464, 13.00000000000000178 ) ;
#1334 = DIRECTION ( 'NONE',  ( 0.000000000000000000, 1.000000000000000000, 0.000000000000000000 ) ) ;
#1335 = AXIS2_PLACEMENT_3D ( 'NONE', #2469, #1826, #2054 ) ;
#1336 = DIRECTION ( 'NONE',  ( 1.000000000000000000, 0.000000000000000000, 0.000000000000000000 ) ) ;
#1337 = CARTESIAN_POINT ( 'NONE',  ( 0.8239597992693179496, 7.568358260255712011, -14.47164535225755166 ) ) ;
#1338 = ORIENTED_EDGE ( 'NONE', *, *, #1770, .F. ) ;
#1339 = CARTESIAN_POINT ( 'NONE',  ( -2.792490843205495565, 7.818575905120844105, -13.71948593648651915 ) ) ;
#1340 = EDGE_CURVE ( 'NONE', #1001, #542, #55, .T. ) ;
#1341 = CARTESIAN_POINT ( 'NONE',  ( 0.000000000000000000, 12.50000000000000000, -15.00000000000000000 ) ) ;
#1342 = DIRECTION ( 'NONE',  ( 0.000000000000000000, 0.000000000000000000, 1.000000000000000000 ) ) ;
#1343 = TOROIDAL_SURFACE ( 'NONE', #292, 11.00000000000000000, 1.000000000000000000 ) ;
#1344 = CARTESIAN_POINT ( 'NONE',  ( -1.464802832669698684, 17.29132804271348078, -14.41430074844238796 ) ) ;
#1345 = DIRECTION ( 'NONE',  ( -0.000000000000000000, -1.000000000000000000, 0.000000000000000000 ) ) ;
#1346 = FACE_OUTER_BOUND ( 'NONE', #1446, .T. ) ;
#1347 = EDGE_CURVE ( 'NONE', #1189, #2608, #177, .T. ) ;
#1348 = PERSON_AND_ORGANIZATION_ROLE ( 'creator' ) ;
#1349 = CARTESIAN_POINT ( 'NONE',  ( 0.6903978412777143081, 17.45210569563686320, -14.48009856641585458 ) ) ;
#1350 = VERTEX_POINT ( 'NONE', #271 ) ;
#1351 = CARTESIAN_POINT ( 'NONE',  ( -13.22368209959826402, 4.025595529793776883, -0.9806225061041023983 ) ) ;
#1352 = LINE ( 'NONE', #2135, #1596 ) ;
#1353 = CARTESIAN_POINT ( 'NONE',  ( 5.385164807134506404, 24.00000000000000000, -13.99999999999999822 ) ) ;
#1354 = ORIENTED_EDGE ( 'NONE', *, *, #250, .T. ) ;
#1355 = CARTESIAN_POINT ( 'NONE',  ( -0.8237562891062107928, 17.43167575435607830, -14.47991069700316658 ) ) ;
#1356 = DIRECTION ( 'NONE',  ( -0.000000000000000000, -1.000000000000000000, -0.000000000000000000 ) ) ;
#1357 =( GEOMETRIC_REPRESENTATION_CONTEXT ( 3 ) GLOBAL_UNCERTAINTY_ASSIGNED_CONTEXT ( ( #1131 ) ) GLOBAL_UNIT_ASSIGNED_CONTEXT ( ( #1581, #2616, #1972 ) ) REPRESENTATION_CONTEXT ( 'NONE', 'WORKASPACE' ) );
#1358 = AXIS2_PLACEMENT_3D ( 'NONE', #2217, #364, #2613 ) ;
#1359 = CARTESIAN_POINT ( 'NONE',  ( -5.310360682724685866, 12.85439803467403408, -12.95376661128591245 ) ) ;
#1360 = AXIS2_PLACEMENT_3D ( 'NONE', #121, #695, #1961 ) ;
#1361 = CARTESIAN_POINT ( 'NONE',  ( 0.000000000000000000, 3.000000000000000000, 0.000000000000000000 ) ) ;
#1362 = DIRECTION ( 'NONE',  ( -0.000000000000000000, -0.000000000000000000, 1.000000000000000000 ) ) ;
#1363 = CIRCLE ( 'NONE', #1964, 1.000000000000000000 ) ;
#1364 = PERSON_AND_ORGANIZATION ( #602, #2350 ) ;
#1365 = CARTESIAN_POINT ( 'NONE',  ( -15.96440485023548383, 20.00000000000000000, -1.066666666666666874 ) ) ;
#1366 = CIRCLE ( 'NONE', #2308, 2.000000000000000000 ) ;
#1367 = ADVANCED_FACE ( 'NONE', ( #2523, #53 ), #2084, .F. ) ;
#1368 = ORIENTED_EDGE ( 'NONE', *, *, #51, .F. ) ;
#1369 = CARTESIAN_POINT ( 'NONE',  ( -3.998520696555651899, 15.51583076940386796, -13.81848199339009398 ) ) ;
#1370 = CARTESIAN_POINT ( 'NONE',  ( -2.592975771353075221, 17.31237567025247515, -13.76121626860362746 ) ) ;
#1371 = CARTESIAN_POINT ( 'NONE',  ( 14.96662954709576532, 21.00000000000000000, 1.000000000000000000 ) ) ;
#1372 = VERTEX_POINT ( 'NONE', #1463 ) ;
#1373 = EDGE_CURVE ( 'NONE', #266, #1837, #2448, .T. ) ;
#1374 = CARTESIAN_POINT ( 'NONE',  ( -5.516172807004291911, 11.74163628958024930, -14.99216679296882226 ) ) ;
#1375 = CARTESIAN_POINT ( 'NONE',  ( -4.837221993449563051, 11.19235677711015775, -13.14216356906021410 ) ) ;
#1376 = ORIENTED_EDGE ( 'NONE', *, *, #1523, .T. ) ;
#1377 = CIRCLE ( 'NONE', #973, 0.9999999999999997780 ) ;
#1378 = CARTESIAN_POINT ( 'NONE',  ( 0.8239597992693352690, 1.892958387636897533E-15, -14.49999999999999822 ) ) ;
#1379 = CARTESIAN_POINT ( 'NONE',  ( -13.94241071531808807, 4.737528839369458566, -0.9348377053901508749 ) ) ;
#1380 = APPROVAL ( #521, 'UNSPECIFIED' ) ;
#1381 = PERSON_AND_ORGANIZATION_ROLE ( 'design_owner' ) ;
#1382 = CARTESIAN_POINT ( 'NONE',  ( 4.395752281966912811, 15.60300152170232302, -13.29310028124989174 ) ) ;
#1383 = VECTOR ( 'NONE', #288, 1000.000000000000000 ) ;
#1384 = EDGE_LOOP ( 'NONE', ( #2467, #775 ) ) ;
#1385 = CARTESIAN_POINT ( 'NONE',  ( -4.587687189142764410, 14.50969100632316255, -13.59402753348509840 ) ) ;
#1386 = CARTESIAN_POINT ( 'NONE',  ( 3.796290726250525882, 8.640513737807197003, -13.47717841241324699 ) ) ;
#1387 = DIRECTION ( 'NONE',  ( -0.000000000000000000, -1.000000000000000000, 0.000000000000000000 ) ) ;
#1388 = CARTESIAN_POINT ( 'NONE',  ( 2.897718288448726476, 17.12062806729944242, -13.69969796137049300 ) ) ;
#1389 = ORIENTED_EDGE ( 'NONE', *, *, #1622, .F. ) ;
#1390 = CARTESIAN_POINT ( 'NONE',  ( -5.459084674851872876, 11.55998862692382545, -15.00000000000953015 ) ) ;
#1391 = CARTESIAN_POINT ( 'NONE',  ( 10.95445115010332238, 3.000000000000000000, -1.000000000000000000 ) ) ;
#1392 = CARTESIAN_POINT ( 'NONE',  ( 0.000000000000000000, 3.000000000000000000, -11.00000000000000000 ) ) ;
#1393 = CARTESIAN_POINT ( 'NONE',  ( -12.96148139681572076, 3.000000000000000888, 0.000000000000000000 ) ) ;
#1394 = VECTOR ( 'NONE', #674, 1000.000000000000000 ) ;
#1395 = COORDINATED_UNIVERSAL_TIME_OFFSET ( 5, 30, .AHEAD. ) ;
#1396 = CARTESIAN_POINT ( 'NONE',  ( 5.081550677008923600, 14.13031130930722767, -13.04576787862499643 ) ) ;
#1397 = ORIENTED_EDGE ( 'NONE', *, *, #2288, .T. ) ;
#1398 = CARTESIAN_POINT ( 'NONE',  ( -2.223657808894634602, 8.012142515683484234, -14.29503047379990299 ) ) ;
#1399 = FACE_OUTER_BOUND ( 'NONE', #1474, .T. ) ;
#1400 = CARTESIAN_POINT ( 'NONE',  ( 2.065176384248634811, 7.422036435160917378, -13.85021296229747989 ) ) ;
#1401 = ORIENTED_EDGE ( 'NONE', *, *, #817, .T. ) ;
#1402 = CIRCLE ( 'NONE', #209, 0.5000000000000001110 ) ;
#1403 = CARTESIAN_POINT ( 'NONE',  ( 5.614754374590216202, 12.31090424524260740, -14.97328754094961489 ) ) ;
#1404 = DIRECTION ( 'NONE',  ( -0.000000000000000000, -1.000000000000000000, -0.000000000000000000 ) ) ;
#1405 = CARTESIAN_POINT ( 'NONE',  ( 0.000000000000000000, 1.000000000000000888, 0.000000000000000000 ) ) ;
#1406 = CARTESIAN_POINT ( 'NONE',  ( 5.000000000000000000, 12.49999999999999112, -14.48663423480017620 ) ) ;
#1407 = AXIS2_PLACEMENT_3D ( 'NONE', #24, #2554, #675 ) ;
#1408 = ORIENTED_EDGE ( 'NONE', *, *, #2335, .F. ) ;
#1409 = AXIS2_PLACEMENT_3D ( 'NONE', #2609, #1776, #2419 ) ;
#1410 = CARTESIAN_POINT ( 'NONE',  ( -13.96885424395604680, 5.000000000000000888, -0.9333333333333333481 ) ) ;
#1411 = CARTESIAN_POINT ( 'NONE',  ( 3.299021623304648987, 8.730357626172740027, -13.61068093876073348 ) ) ;
#1412 = ADVANCED_FACE ( 'NONE', ( #2141 ), #230, .T. ) ;
#1413 = DIRECTION ( 'NONE',  ( 0.000000000000000000, 0.000000000000000000, 1.000000000000000000 ) ) ;
#1414 = CYLINDRICAL_SURFACE ( 'NONE', #721, 1.000000000000000888 ) ;
#1415 = ADVANCED_FACE ( 'NONE', ( #830 ), #659, .F. ) ;
#1416 = DIRECTION ( 'NONE',  ( 0.000000000000000000, 1.000000000000000000, 0.000000000000000000 ) ) ;
#1417 = CARTESIAN_POINT ( 'NONE',  ( -14.96662954709576532, 20.00000000000000000, -1.000000000000000000 ) ) ;
#1418 = CARTESIAN_POINT ( 'NONE',  ( -14.99439797873406555, 20.97373031254003806, 0.7376776776713787065 ) ) ;
#1419 = EDGE_CURVE ( 'NONE', #459, #1444, #218, .T. ) ;
#1420 = ADVANCED_FACE ( 'NONE', ( #1669 ), #580, .F. ) ;
#1421 = LINE ( 'NONE', #2462, #2394 ) ;
#1422 = CARTESIAN_POINT ( 'NONE',  ( 2.128031508506456504, 7.965784283047933734, -14.31276055421946047 ) ) ;
#1423 = CIRCLE ( 'NONE', #1934, 16.00000000000000000 ) ;
#1424 = ORIENTED_EDGE ( 'NONE', *, *, #159, .F. ) ;
#1425 = DIRECTION ( 'NONE',  ( 0.000000000000000000, 0.000000000000000000, -1.000000000000000000 ) ) ;
#1426 = ORIENTED_EDGE ( 'NONE', *, *, #450, .F. ) ;
#1427 = CARTESIAN_POINT ( 'NONE',  ( -0.8940957195249634726, 17.93290562262949095, -13.97536669542747667 ) ) ;
#1428 = DIRECTION ( 'NONE',  ( -0.000000000000000000, -1.000000000000000000, -0.000000000000000000 ) ) ;
#1429 = CARTESIAN_POINT ( 'NONE',  ( -5.385164807134505516, 1.000000000000000888, -13.99999999999999822 ) ) ;
#1430 = DIRECTION ( 'NONE',  ( -1.000000000000000000, -0.000000000000000000, 0.000000000000000000 ) ) ;
#1431 = CARTESIAN_POINT ( 'NONE',  ( 0.8239597992693179496, 7.568358260255712011, -14.47164535225755166 ) ) ;
#1432 = ORIENTED_EDGE ( 'NONE', *, *, #1822, .T. ) ;
#1433 = CARTESIAN_POINT ( 'NONE',  ( -0.8239597992693179496, 7.568358260255712011, -14.49999999999999822 ) ) ;
#1434 = EDGE_LOOP ( 'NONE', ( #348, #64, #161, #1527, #614 ) ) ;
#1435 = CARTESIAN_POINT ( 'NONE',  ( 14.96662954709576709, 22.00000000000000355, 1.000000000000000000 ) ) ;
#1436 = AXIS2_PLACEMENT_3D ( 'NONE', #235, #1334, #466 ) ;
#1437 = ORIENTED_EDGE ( 'NONE', *, *, #1221, .T. ) ;
#1438 = DIRECTION ( 'NONE',  ( 1.000000000000000000, -8.673617379884018709E-16, -8.673617379884026597E-16 ) ) ;
#1439 = CARTESIAN_POINT ( 'NONE',  ( 14.96662953590925937, 4.737862523689861938, 0.000000000000000000 ) ) ;
#1440 = CARTESIAN_POINT ( 'NONE',  ( 0.4367414852816744464, 17.87078287128682419, -15.00000000000000355 ) ) ;
#1441 = PRODUCT_DEFINITION_FORMATION_WITH_SPECIFIED_SOURCE ( 'ANY', '', #297, .NOT_KNOWN. ) ;
#1442 = ORIENTED_EDGE ( 'NONE', *, *, #369, .F. ) ;
#1443 = DIRECTION ( 'NONE',  ( -1.000000000000000000, 0.000000000000000000, 0.000000000000000000 ) ) ;
#1444 = VERTEX_POINT ( 'NONE', #1477 ) ;
#1445 = EDGE_CURVE ( 'NONE', #20, #2234, #1745, .T. ) ;
#1446 = EDGE_LOOP ( 'NONE', ( #1084, #522, #2356 ) ) ;
#1447 = CARTESIAN_POINT ( 'NONE',  ( 15.96440485051073210, 20.25962038478855476, -1.066666662547129274 ) ) ;
#1448 = DIRECTION ( 'NONE',  ( -0.000000000000000000, -1.000000000000000000, -0.000000000000000000 ) ) ;
#1449 = CARTESIAN_POINT ( 'NONE',  ( 0.8239597992692953010, 17.43164173974428977, -14.49999999999999822 ) ) ;
#1450 = CARTESIAN_POINT ( 'NONE',  ( -5.385164807134506404, 13.61803398874989490, -14.49999999999999822 ) ) ;
#1451 = DIRECTION ( 'NONE',  ( 0.000000000000000000, 0.000000000000000000, -1.000000000000000000 ) ) ;
#1452 = CARTESIAN_POINT ( 'NONE',  ( 4.587953922000969520, 10.49091681804780762, -13.59391826515450319 ) ) ;
#1453 = EDGE_CURVE ( 'NONE', #281, #542, #2227, .T. ) ;
#1454 = VECTOR ( 'NONE', #2298, 1000.000000000000000 ) ;
#1455 = CIRCLE ( 'NONE', #411, 1.000000000000000888 ) ;
#1456 = ORIENTED_EDGE ( 'NONE', *, *, #237, .T. ) ;
#1457 = CARTESIAN_POINT ( 'NONE',  ( -0.6595031878994570551, 7.030737439269219458, -13.98875714518169389 ) ) ;
#1458 = EDGE_LOOP ( 'NONE', ( #34, #711, #1598, #77, #623, #1170 ) ) ;
#1459 = CARTESIAN_POINT ( 'NONE',  ( 15.96875354548615533, 20.54413762722540682, -1.005722314378865390 ) ) ;
#1460 = ORIENTED_EDGE ( 'NONE', *, *, #1373, .F. ) ;
#1461 = CARTESIAN_POINT ( 'NONE',  ( 14.96662954735698037, 20.12981019237717462, 2.251847882928419594E-16 ) ) ;
#1462 = CARTESIAN_POINT ( 'NONE',  ( 10.95445115010332238, 1.000000000000000888, -1.000000000000000000 ) ) ;
#1463 = CARTESIAN_POINT ( 'NONE',  ( -4.895604370122279114, 11.48360546477282540, -14.49999999999999822 ) ) ;
#1464 = AXIS2_PLACEMENT_3D ( 'NONE', #2549, #837, #1888 ) ;
#1465 = EDGE_CURVE ( 'NONE', #2234, #1706, #2134, .T. ) ;
#1466 = DIRECTION ( 'NONE',  ( -0.9791208740244550235, 0.2032789070454364133, 0.000000000000000000 ) ) ;
#1467 = CARTESIAN_POINT ( 'NONE',  ( 1.458962642071876870, 7.201187007600606371, -13.92712391730934485 ) ) ;
#1468 = CARTESIAN_POINT ( 'NONE',  ( 14.96662954709576532, 5.000000000000000888, -1.000000000000000000 ) ) ;
#1469 = VECTOR ( 'NONE', #79, 1000.000000000000000 ) ;
#1470 = ORIENTED_EDGE ( 'NONE', *, *, #635, .F. ) ;
#1471 = CARTESIAN_POINT ( 'NONE',  ( -3.420278610376811912, 8.278631180200772377, -13.57855761450334420 ) ) ;
#1472 = ORIENTED_EDGE ( 'NONE', *, *, #1552, .F. ) ;
#1473 = CARTESIAN_POINT ( 'NONE',  ( 13.22592078799045723, 3.000000000000000000, -0.000000000000000000 ) ) ;
#1474 = EDGE_LOOP ( 'NONE', ( #388, #2110, #1502, #1756 ) ) ;
#1475 = CARTESIAN_POINT ( 'NONE',  ( 16.01070125096432051, 20.74206973590938219, 0.3260059257396250021 ) ) ;
#1476 = CARTESIAN_POINT ( 'NONE',  ( 2.969748337137824379, 16.53290619075016110, -14.12948248841454912 ) ) ;
#1477 = CARTESIAN_POINT ( 'NONE',  ( 0.000000000000000000, 0.000000000000000000, -11.00000000000000000 ) ) ;
#1478 = LINE ( 'NONE', #2303, #87 ) ;
#1479 = CARTESIAN_POINT ( 'NONE',  ( -15.00193274097271079, 20.87421197258208494, 0.4972714641262829804 ) ) ;
#1480 = CARTESIAN_POINT ( 'NONE',  ( 4.791098975098642576, 11.04016883400306348, -13.50885601667176061 ) ) ;
#1481 = AXIS2_PLACEMENT_3D ( 'NONE', #1941, #290, #2158 ) ;
#1482 = AXIS2_PLACEMENT_3D ( 'NONE', #1361, #716, #2171 ) ;
#1483 = ORIENTED_EDGE ( 'NONE', *, *, #2378, .T. ) ;
#1484 = AXIS2_PLACEMENT_3D ( 'NONE', #1174, #2431, #2634 ) ;
#1485 = CIRCLE ( 'NONE', #1580, 1.000000000000001554 ) ;
#1486 = CARTESIAN_POINT ( 'NONE',  ( 0.000000000000000000, 5.000000000000000888, 0.000000000000000000 ) ) ;
#1487 = VERTEX_POINT ( 'NONE', #1709 ) ;
#1488 = CARTESIAN_POINT ( 'NONE',  ( -14.96662954709576532, 21.00000000000000000, -1.000000000000000000 ) ) ;
#1489 = ORIENTED_EDGE ( 'NONE', *, *, #881, .F. ) ;
#1490 = CARTESIAN_POINT ( 'NONE',  ( 15.96840033216576060, 20.52440391441670897, -1.010712376980937410 ) ) ;
#1491 = LINE ( 'NONE', #898, #642 ) ;
#1492 = CARTESIAN_POINT ( 'NONE',  ( 0.000000000000000000, 0.000000000000000000, 0.000000000000000000 ) ) ;
#1493 = CARTESIAN_POINT ( 'NONE',  ( 14.99940078273990451, 20.79991344679234189, 0.3858668639369576270 ) ) ;
#1494 = CARTESIAN_POINT ( 'NONE',  ( -16.03338061650300261, 20.24312323432701888, 0.02149636615685037583 ) ) ;
#1495 = EDGE_CURVE ( 'NONE', #1085, #1211, #358, .T. ) ;
#1496 = FACE_OUTER_BOUND ( 'NONE', #196, .T. ) ;
#1497 = B_SPLINE_CURVE_WITH_KNOTS ( 'NONE', 3,
 ( #586, #1015, #164, #398, #1191, #2647, #770, #794 ),
 .UNSPECIFIED., .F., .F.,
 ( 4, 2, 2, 4 ),
 ( 0.000000000000000000, 0.0002435621320505538243, 0.0004871242641011076487, 0.0009742485282022085753 ),
 .UNSPECIFIED. ) ;
#1498 = DIRECTION ( 'NONE',  ( 0.000000000000000000, -1.000000000000000000, 0.000000000000000000 ) ) ;
#1499 = ORIENTED_EDGE ( 'NONE', *, *, #237, .F. ) ;
#1500 = CARTESIAN_POINT ( 'NONE',  ( 5.385164807134506404, 1.000000000000000888, -13.99999999999999822 ) ) ;
#1501 = FACE_OUTER_BOUND ( 'NONE', #1458, .T. ) ;
#1502 = ORIENTED_EDGE ( 'NONE', *, *, #646, .T. ) ;
#1503 = ORIENTED_EDGE ( 'NONE', *, *, #119, .F. ) ;
#1504 = CARTESIAN_POINT ( 'NONE',  ( 15.98384276262049930, 20.98361804036275657, 0.7663882410917665089 ) ) ;
#1505 = CARTESIAN_POINT ( 'NONE',  ( -14.96662954709576532, 25.00000000000000000, 0.000000000000000000 ) ) ;
#1506 = FACE_OUTER_BOUND ( 'NONE', #1543, .T. ) ;
#1507 = ADVANCED_FACE ( 'NONE', ( #2541 ), #1924, .T. ) ;
#1508 = CARTESIAN_POINT ( 'NONE',  ( 14.97042691273566462, 20.26362223974829035, 0.02662152674052941856 ) ) ;
#1509 = CARTESIAN_POINT ( 'NONE',  ( -14.96662954784405564, 20.13095283827200888, 4.440073976789101191E-16 ) ) ;
#1510 = CARTESIAN_POINT ( 'NONE',  ( 0.000000000000000000, 12.50000000000000000, -14.49999999999999822 ) ) ;
#1511 = CC_DESIGN_PERSON_AND_ORGANIZATION_ASSIGNMENT ( #1567, #532, ( #1698 ) ) ;
#1512 = CARTESIAN_POINT ( 'NONE',  ( -2.730778092654522204, 16.69843759987644560, -14.18824655575143190 ) ) ;
#1513 = CARTESIAN_POINT ( 'NONE',  ( -14.18220714181366660, 3.407851441890557886, 0.000000000000000000 ) ) ;
#1514 = DIRECTION ( 'NONE',  ( -1.000000000000000000, 0.000000000000000000, 0.000000000000000000 ) ) ;
#1515 = ORIENTED_EDGE ( 'NONE', *, *, #1419, .T. ) ;
#1516 = ORIENTED_EDGE ( 'NONE', *, *, #800, .T. ) ;
#1517 = CARTESIAN_POINT ( 'NONE',  ( -4.361665652510033908, 10.05025390006043118, -13.68350059187465284 ) ) ;
#1518 = CARTESIAN_POINT ( 'NONE',  ( 0.8023884949330828409, 7.542795329311807961, -14.66279743664354029 ) ) ;
#1519 = CARTESIAN_POINT ( 'NONE',  ( 0.000000000000000000, 21.00000000000000000, 0.000000000000000000 ) ) ;
#1520 = DIRECTION ( 'NONE',  ( 0.000000000000000000, 0.000000000000000000, -1.000000000000000000 ) ) ;
#1521 = CARTESIAN_POINT ( 'NONE',  ( 1.238072543607561249, 17.35332098761788444, -13.94850334623202670 ) ) ;
#1522 = CIRCLE ( 'NONE', #353, 1.000000000000000000 ) ;
#1523 = EDGE_CURVE ( 'NONE', #459, #1904, #2573, .T. ) ;
#1524 = CARTESIAN_POINT ( 'NONE',  ( -4.991195211248869334, 12.84191374275081365, -14.48920396355737061 ) ) ;
#1525 = CARTESIAN_POINT ( 'NONE',  ( 0.000000000000000000, 24.00000000000000000, 0.000000000000000000 ) ) ;
#1526 = CARTESIAN_POINT ( 'NONE',  ( 3.154574821555519382, 16.93614098387936195, -13.64220265790677011 ) ) ;
#1527 = ORIENTED_EDGE ( 'NONE', *, *, #1927, .F. ) ;
#1528 = ORIENTED_EDGE ( 'NONE', *, *, #1813, .F. ) ;
#1529 = AXIS2_PLACEMENT_3D ( 'NONE', #1492, #2318, #217 ) ;
#1530 = CARTESIAN_POINT ( 'NONE',  ( -4.632389728029059128, 9.805279289853960023, -13.21165574427448774 ) ) ;
#1531 = DIRECTION ( 'NONE',  ( 0.000000000000000000, 1.000000000000000000, -0.000000000000000000 ) ) ;
#1532 = CARTESIAN_POINT ( 'NONE',  ( 0.000000000000000000, 3.000000000000000000, -10.00000000000000000 ) ) ;
#1533 = ADVANCED_FACE ( 'NONE', ( #1506 ), #486, .F. ) ;
#1534 = CARTESIAN_POINT ( 'NONE',  ( -3.201807266778553540, 16.89130434395531211, -13.62968527787104911 ) ) ;
#1535 = CYLINDRICAL_SURFACE ( 'NONE', #2201, 0.5000000000000004441 ) ;
#1536 = CARTESIAN_POINT ( 'NONE',  ( 14.99431634994451734, 20.97430737512390664, 0.7393918967009458498 ) ) ;
#1537 = CARTESIAN_POINT ( 'NONE',  ( 3.079743381863931262, 16.99234937097019582, -13.65937861982532375 ) ) ;
#1538 = ORIENTED_EDGE ( 'NONE', *, *, #2482, .F. ) ;
#1539 = CARTESIAN_POINT ( 'NONE',  ( -4.895604370122278226, 11.48360546477282540, -14.49999999999999822 ) ) ;
#1540 = EDGE_CURVE ( 'NONE', #2342, #383, #2007, .T. ) ;
#1541 = CARTESIAN_POINT ( 'NONE',  ( -5.310460411038472550, 12.84240305602431320, -12.95372572808631162 ) ) ;
#1542 = DIRECTION ( 'NONE',  ( 0.000000000000000000, 1.000000000000000000, 0.000000000000000000 ) ) ;
#1543 = EDGE_LOOP ( 'NONE', ( #2402, #335, #1988, #926, #251, #2343 ) ) ;
#1544 = CARTESIAN_POINT ( 'NONE',  ( -4.330621478659328893, 9.994752256282556147, -13.31744483519906552 ) ) ;
#1545 = EDGE_CURVE ( 'NONE', #558, #199, #1325, .T. ) ;
#1546 = DIRECTION ( 'NONE',  ( 0.000000000000000000, 0.000000000000000000, -1.000000000000000000 ) ) ;
#1547 = CARTESIAN_POINT ( 'NONE',  ( -16.00000000000000000, 2.999999999999999112, -1.000000000000000000 ) ) ;
#1548 = CARTESIAN_POINT ( 'NONE',  ( -1.713608508094130345, 17.20805977381378682, -13.89877280184850683 ) ) ;
#1549 = CIRCLE ( 'NONE', #330, 0.4999999999999997224 ) ;
#1550 = CARTESIAN_POINT ( 'NONE',  ( -14.96662954709576532, 5.000000000000000888, -1.000000000000000000 ) ) ;
#1551 = CARTESIAN_POINT ( 'NONE',  ( -14.28642841264843177, 3.493019550006299490, 0.000000000000000000 ) ) ;
#1552 = EDGE_CURVE ( 'NONE', #1014, #822, #1184, .T. ) ;
#1553 = CARTESIAN_POINT ( 'NONE',  ( 0.6648940682610692265, 17.45566130428444396, -13.98436989215714021 ) ) ;
#1554 = VERTEX_POINT ( 'NONE', #320 ) ;
#1555 = VECTOR ( 'NONE', #2413, 1000.000000000000000 ) ;
#1556 = CARTESIAN_POINT ( 'NONE',  ( -13.46704213398743377, 4.125037699437331895, -0.9640437458860762199 ) ) ;
#1557 = AXIS2_PLACEMENT_3D ( 'NONE', #783, #2681, #1668 ) ;
#1558 = LINE ( 'NONE', #2606, #2243 ) ;
#1559 = DIRECTION ( 'NONE',  ( 1.000000000000000000, 0.000000000000000000, 0.000000000000000000 ) ) ;
#1560 = ORIENTED_EDGE ( 'NONE', *, *, #191, .F. ) ;
#1561 = DIRECTION ( 'NONE',  ( 0.000000000000000000, -1.000000000000000000, -0.000000000000000000 ) ) ;
#1562 = DIRECTION ( 'NONE',  ( 0.000000000000000000, 0.000000000000000000, -1.000000000000000000 ) ) ;
#1563 = CARTESIAN_POINT ( 'NONE',  ( -4.960740293081878249, 11.85416783410879482, -13.43404345421815194 ) ) ;
#1564 = EDGE_CURVE ( 'NONE', #1021, #470, #1366, .T. ) ;
#1565 = FACE_OUTER_BOUND ( 'NONE', #1823, .T. ) ;
#1566 = CARTESIAN_POINT ( 'NONE',  ( -13.96519939639432906, 3.263577611453116312, 0.000000000000000000 ) ) ;
#1567 = PERSON_AND_ORGANIZATION ( #602, #2350 ) ;
#1568 = DIRECTION ( 'NONE',  ( 0.06666666666666672125, 0.000000000000000000, -0.9977753031397178507 ) ) ;
#1569 = EDGE_LOOP ( 'NONE', ( #744, #895, #2295, #2074 ) ) ;
#1570 = CARTESIAN_POINT ( 'NONE',  ( -0.8233496721738829960, 7.568256361353403960, -14.47168736996383487 ) ) ;
#1571 = CIRCLE ( 'NONE', #387, 1.000000000000000000 ) ;
#1572 = CARTESIAN_POINT ( 'NONE',  ( 0.000000000000000000, 4.000000000000000000, -1.000000000000000000 ) ) ;
#1573 = EDGE_LOOP ( 'NONE', ( #1848, #381 ) ) ;
#1574 = DIRECTION ( 'NONE',  ( 0.000000000000000000, 0.000000000000000000, -1.000000000000000000 ) ) ;
#1575 = TOROIDAL_SURFACE ( 'NONE', #2524, 15.00000000000000000, 1.000000000000000000 ) ;
#1576 = CARTESIAN_POINT ( 'NONE',  ( -3.335989581597553322, 16.78281509631594304, -13.59737263454955958 ) ) ;
#1577 = ORIENTED_EDGE ( 'NONE', *, *, #1003, .T. ) ;
#1578 = CARTESIAN_POINT ( 'NONE',  ( 10.95445115010332238, 0.000000000000000000, -1.000000000000000000 ) ) ;
#1579 = CARTESIAN_POINT ( 'NONE',  ( -16.00000000000000000, 0.000000000000000000, -1.000000000000000000 ) ) ;
#1580 = AXIS2_PLACEMENT_3D ( 'NONE', #276, #2396, #2383 ) ;
#1581 =( LENGTH_UNIT ( ) NAMED_UNIT ( * ) SI_UNIT ( .MILLI., .METRE. ) );
#1582 = CARTESIAN_POINT ( 'NONE',  ( 5.000105796511568279, 12.19982063919523263, -13.41636015682083993 ) ) ;
#1583 = ORIENTED_EDGE ( 'NONE', *, *, #4, .F. ) ;
#1584 = CARTESIAN_POINT ( 'NONE',  ( -13.09378439545984740, 4.000000000000000000, -0.9899126890843014115 ) ) ;
#1585 = CARTESIAN_POINT ( 'NONE',  ( -0.3127887717083069896, 21.00000000000000000, -13.99650539185739895 ) ) ;
#1586 = B_SPLINE_CURVE_WITH_KNOTS ( 'NONE', 3,
 ( #2348, #1060, #1536, #2130, #1493, #25, #1075, #1508, #1910, #2542 ),
 .UNSPECIFIED., .F., .F.,
 ( 4, 2, 2, 2, 4 ),
 ( 0.000000000000000000, 0.0003909122310825150892, 0.0007818244621650301783, 0.001172736693247545267, 0.001563648924330060357 ),
 .UNSPECIFIED. ) ;
#1587 = CARTESIAN_POINT ( 'NONE',  ( -16.00000000000000000, 1.000000000000000888, -1.000000000000000000 ) ) ;
#1588 = CARTESIAN_POINT ( 'NONE',  ( 2.347296112619036368, 17.44439790475410135, -13.80466212812441640 ) ) ;
#1589 = ORIENTED_EDGE ( 'NONE', *, *, #493, .F. ) ;
#1590 = LINE ( 'NONE', #702, #1627 ) ;
#1591 = CARTESIAN_POINT ( 'NONE',  ( -4.937467538835637271, 11.69578292628173166, -13.44444960876709949 ) ) ;
#1592 = DIRECTION ( 'NONE',  ( 0.000000000000000000, 0.000000000000000000, -1.000000000000000000 ) ) ;
#1593 = LINE ( 'NONE', #1579, #1383 ) ;
#1594 = PERSON_AND_ORGANIZATION_ROLE ( 'design_supplier' ) ;
#1595 = CARTESIAN_POINT ( 'NONE',  ( 4.971415804256458237, 11.88369782626919324, -13.09201396119082084 ) ) ;
#1596 = VECTOR ( 'NONE', #2179, 1000.000000000000000 ) ;
#1597 = EDGE_CURVE ( 'NONE', #1444, #106, #1268, .T. ) ;
#1598 = ORIENTED_EDGE ( 'NONE', *, *, #1114, .F. ) ;
#1599 = CARTESIAN_POINT ( 'NONE',  ( -5.567764362830024183, 1.000000000000000000, -15.00000000000000000 ) ) ;
#1600 = APPROVAL ( #917, 'UNSPECIFIED' ) ;
#1601 = CARTESIAN_POINT ( 'NONE',  ( 4.720165135836801973, 9.958781365098921867, -13.18141087647360266 ) ) ;
#1602 = CIRCLE ( 'NONE', #2156, 0.9999999999999997780 ) ;
#1603 = CARTESIAN_POINT ( 'NONE',  ( -14.96662954709576709, 20.00000000000000000, -1.000000000000000222 ) ) ;
#1604 = EDGE_LOOP ( 'NONE', ( #2225, #110, #1123, #2248, #175 ) ) ;
#1605 = CARTESIAN_POINT ( 'NONE',  ( -0.7353407939658718195, 7.464640593857437167, -14.79353474786368494 ) ) ;
#1606 = DIRECTION ( 'NONE',  ( -0.000000000000000000, -1.000000000000000000, 0.000000000000000000 ) ) ;
#1607 = LINE ( 'NONE', #1378, #657 ) ;
#1608 = CARTESIAN_POINT ( 'NONE',  ( 0.8239597992692951900, 17.48643766475574424, -14.21102098704539962 ) ) ;
#1609 = AXIS2_PLACEMENT_3D ( 'NONE', #1937, #1531, #1923 ) ;
#1610 = DATE_AND_TIME ( #2587, #749 ) ;
#1611 = CARTESIAN_POINT ( 'NONE',  ( 4.992555641826989188, 12.81394224339028476, -13.08384658668105693 ) ) ;
#1612 = EDGE_CURVE ( 'NONE', #1762, #1332, #2575, .T. ) ;
#1613 = EDGE_LOOP ( 'NONE', ( #791, #1175, #948, #1899 ) ) ;
#1614 = DIRECTION ( 'NONE',  ( 1.000000000000000000, -0.000000000000000000, -0.000000000000000000 ) ) ;
#1615 = CARTESIAN_POINT ( 'NONE',  ( 2.260116222894866134, 7.512362711495204515, -13.81921708760482304 ) ) ;
#1616 = EDGE_CURVE ( 'NONE', #558, #542, #1590, .T. ) ;
#1617 = DIRECTION ( 'NONE',  ( -0.000000000000000000, 1.000000000000000000, -0.000000000000000000 ) ) ;
#1618 = AXIS2_PLACEMENT_3D ( 'NONE', #378, #1206, #2034 ) ;
#1619 = DIRECTION ( 'NONE',  ( -0.000000000000000000, -1.000000000000000000, 0.000000000000000000 ) ) ;
#1620 = EDGE_CURVE ( 'NONE', #1001, #2331, #108, .T. ) ;
#1621 = LINE ( 'NONE', #1815, #274 ) ;
#1622 = EDGE_CURVE ( 'NONE', #1251, #558, #1831, .T. ) ;
#1623 = VERTEX_POINT ( 'NONE', #1532 ) ;
#1624 = CARTESIAN_POINT ( 'NONE',  ( -14.03121519856828670, 4.861798431925458353, 0.000000000000000000 ) ) ;
#1625 = LOCAL_TIME ( 21, 36, 31.00000000000000000, #958 ) ;
#1626 = CIRCLE ( 'NONE', #660, 1.000000000000000888 ) ;
#1627 = VECTOR ( 'NONE', #2200, 1000.000000000000000 ) ;
#1628 = FACE_OUTER_BOUND ( 'NONE', #454, .T. ) ;
#1629 = CARTESIAN_POINT ( 'NONE',  ( 4.771779258037116556, 10.97557501014444448, -13.16636581356218549 ) ) ;
#1630 = VERTEX_POINT ( 'NONE', #1787 ) ;
#1631 = CARTESIAN_POINT ( 'NONE',  ( -0.3239597992693178941, 7.009549194423340346, -15.00000000000000000 ) ) ;
#1632 = EDGE_CURVE ( 'NONE', #1211, #825, #1967, .T. ) ;
#1633 = LINE ( 'NONE', #781, #2056 ) ;
#1634 = DIRECTION ( 'NONE',  ( 0.000000000000000000, 0.000000000000000000, -1.000000000000000000 ) ) ;
#1635 = CARTESIAN_POINT ( 'NONE',  ( -14.96662954709576354, 20.13225265650226703, 8.470329472542998576E-19 ) ) ;
#1636 = DIRECTION ( 'NONE',  ( 0.000000000000000000, 0.000000000000000000, 1.000000000000000000 ) ) ;
#1637 = CARTESIAN_POINT ( 'NONE',  ( 4.444311329111664932, 10.18980124122584741, -13.65217555157401996 ) ) ;
#1638 = EDGE_LOOP ( 'NONE', ( #482, #1389, #1499, #801 ) ) ;
#1639 = CARTESIAN_POINT ( 'NONE',  ( 5.614915505657659622, 12.68673772291144708, -14.97324951753410538 ) ) ;
#1640 = ORIENTED_EDGE ( 'NONE', *, *, #73, .F. ) ;
#1641 = DIRECTION ( 'NONE',  ( 0.000000000000000000, 0.000000000000000000, -1.000000000000000000 ) ) ;
#1642 = DIRECTION ( 'NONE',  ( -0.000000000000000000, -1.000000000000000000, -0.000000000000000000 ) ) ;
#1643 = CARTESIAN_POINT ( 'NONE',  ( 4.965153563480290799, 13.18140125934747786, -14.49999999999999822 ) ) ;
#1644 = EDGE_CURVE ( 'NONE', #2310, #470, #219, .T. ) ;
#1645 = CARTESIAN_POINT ( 'NONE',  ( 14.47059968403882024, 3.676490046301198689, 0.000000000000000000 ) ) ;
#1646 = CARTESIAN_POINT ( 'NONE',  ( -14.96662954709576532, 20.00000000000000000, -1.000000000000000000 ) ) ;
#1647 = EDGE_CURVE ( 'NONE', #2612, #2478, #2582, .T. ) ;
#1648 = ORIENTED_EDGE ( 'NONE', *, *, #1807, .T. ) ;
#1649 = DIRECTION ( 'NONE',  ( 0.000000000000000000, 0.000000000000000000, -1.000000000000000000 ) ) ;
#1650 = ORIENTED_EDGE ( 'NONE', *, *, #138, .F. ) ;
#1651 = EDGE_LOOP ( 'NONE', ( #1901, #1437 ) ) ;
#1652 = CARTESIAN_POINT ( 'NONE',  ( -0.3239597992693178941, 17.99045080557666410, -15.00000000000000000 ) ) ;
#1653 = CC_DESIGN_PERSON_AND_ORGANIZATION_ASSIGNMENT ( #2232, #1348, ( #1845 ) ) ;
#1654 = CARTESIAN_POINT ( 'NONE',  ( 5.000000000000000000, 12.49999999999999112, -14.48663423480017620 ) ) ;
#1655 = CARTESIAN_POINT ( 'NONE',  ( -12.97107894081633006, 21.00000000000000000, -0.8666666666666665853 ) ) ;
#1656 = CARTESIAN_POINT ( 'NONE',  ( 13.48388508245599304, 4.094567656823358881, -1.398093710119519140E-14 ) ) ;
#1657 = CARTESIAN_POINT ( 'NONE',  ( 5.175870220960823609, 11.22872209790205034, -13.00821833233347746 ) ) ;
#1658 = DIRECTION ( 'NONE',  ( 0.000000000000000000, 0.000000000000000000, 1.000000000000000000 ) ) ;
#1659 = AXIS2_PLACEMENT_3D ( 'NONE', #2100, #1105, #1520 ) ;
#1660 = AXIS2_PLACEMENT_3D ( 'NONE', #1877, #1681, #1256 ) ;
#1661 = ORIENTED_EDGE ( 'NONE', *, *, #2482, .T. ) ;
#1662 = CARTESIAN_POINT ( 'NONE',  ( -0.8239597992693179496, 17.43164173974428977, -14.49999999999999822 ) ) ;
#1663 = ORIENTED_EDGE ( 'NONE', *, *, #585, .T. ) ;
#1664 = EDGE_CURVE ( 'NONE', #2331, #1781, #790, .T. ) ;
#1665 = CYLINDRICAL_SURFACE ( 'NONE', #513, 1.000000000000000000 ) ;
#1666 = ORIENTED_EDGE ( 'NONE', *, *, #800, .F. ) ;
#1667 = CARTESIAN_POINT ( 'NONE',  ( -1.471804422969871684, 7.710771861610523636, -14.41345323014963675 ) ) ;
#1668 = DIRECTION ( 'NONE',  ( 0.3590109871423002863, 0.000000000000000000, -0.9333333333333334592 ) ) ;
#1669 = FACE_OUTER_BOUND ( 'NONE', #1216, .T. ) ;
#1670 = CARTESIAN_POINT ( 'NONE',  ( 13.22543625674872203, 4.026116845980824976, -0.9804999591893048816 ) ) ;
#1671 = CARTESIAN_POINT ( 'NONE',  ( 15.97430023869262605, 21.00867776380425056, 0.9185660586704780250 ) ) ;
#1672 = DIRECTION ( 'NONE',  ( -0.2032789070454331382, 0.9791208740244558006, 0.000000000000000000 ) ) ;
#1673 = AXIS2_PLACEMENT_3D ( 'NONE', #2051, #2039, #1425 ) ;
#1674 = ORIENTED_EDGE ( 'NONE', *, *, #2128, .T. ) ;
#1675 = CARTESIAN_POINT ( 'NONE',  ( -1.981970811257885101, 7.385322137891908945, -13.86247803572288184 ) ) ;
#1676 = EDGE_LOOP ( 'NONE', ( #2268, #1589, #628, #866 ) ) ;
#1677 = CARTESIAN_POINT ( 'NONE',  ( 12.96148139681572076, 2.999999999999999112, 0.000000000000000000 ) ) ;
#1678 = ORIENTED_EDGE ( 'NONE', *, *, #1445, .F. ) ;
#1679 = CARTESIAN_POINT ( 'NONE',  ( 16.03336731570602680, 20.24338040756151003, 0.02166785739281046688 ) ) ;
#1680 = DIRECTION ( 'NONE',  ( 0.000000000000000000, 0.000000000000000000, 1.000000000000000000 ) ) ;
#1681 = DIRECTION ( 'NONE',  ( -0.000000000000000000, -0.000000000000000000, 1.000000000000000000 ) ) ;
#1682 = CIRCLE ( 'NONE', #1205, 1.000000000000000888 ) ;
#1683 = CARTESIAN_POINT ( 'NONE',  ( 5.744175794276807245, 1.000000000000000888, -14.93333333333333357 ) ) ;
#1684 = CARTESIAN_POINT ( 'NONE',  ( 5.281707615296356906, 13.15403492519259743, -12.96560862948901516 ) ) ;
#1685 = CARTESIAN_POINT ( 'NONE',  ( 1.406939033516068083, 7.692936453945299569, -14.42047373034047553 ) ) ;
#1686 = ORIENTED_EDGE ( 'NONE', *, *, #1495, .F. ) ;
#1687 = CARTESIAN_POINT ( 'NONE',  ( -13.96437341989756042, 3.263112321033390550, -0.000000000000000000 ) ) ;
#1688 = ORIENTED_EDGE ( 'NONE', *, *, #581, .T. ) ;
#1689 = DIRECTION ( 'NONE',  ( -1.000000000000000000, -0.000000000000000000, -0.000000000000000000 ) ) ;
#1690 = ORIENTED_EDGE ( 'NONE', *, *, #91, .F. ) ;
#1691 = LINE ( 'NONE', #1270, #1454 ) ;
#1692 = CARTESIAN_POINT ( 'NONE',  ( 4.587360336975963904, 14.51069633745169440, -13.59416699113310223 ) ) ;
#1693 = CARTESIAN_POINT ( 'NONE',  ( -14.96662954709576532, 25.00000000000000000, -1.000000000000000000 ) ) ;
#1694 = ADVANCED_FACE ( 'NONE', ( #714 ), #286, .T. ) ;
#1695 = CARTESIAN_POINT ( 'NONE',  ( -0.8237562891062110149, 7.568324245643923476, -14.47991069700316658 ) ) ;
#1696 = CARTESIAN_POINT ( 'NONE',  ( 14.96662954709576532, 20.00000000000000000, -1.000000000000000000 ) ) ;
#1697 = CARTESIAN_POINT ( 'NONE',  ( 0.000000000000000000, 1.000000000000000000, -10.00000000000000000 ) ) ;
#1698 = SECURITY_CLASSIFICATION ( '', '', #563 ) ;
#1699 = CARTESIAN_POINT ( 'NONE',  ( -1.406336325264151421, 17.30724015165308316, -14.42054521249485433 ) ) ;
#1700 = AXIS2_PLACEMENT_3D ( 'NONE', #909, #1561, #956 ) ;
#1701 = ORIENTED_EDGE ( 'NONE', *, *, #362, .T. ) ;
#1702 = CIRCLE ( 'NONE', #537, 1.000000000000000888 ) ;
#1703 = CIRCLE ( 'NONE', #873, 13.00000000000000178 ) ;
#1704 = EDGE_LOOP ( 'NONE', ( #1921, #2688, #399, #1338 ) ) ;
#1705 = CARTESIAN_POINT ( 'NONE',  ( 4.895604370122279114, 11.48360546477283428, -14.49999999999999822 ) ) ;
#1706 = VERTEX_POINT ( 'NONE', #2405 ) ;
#1707 = ORIENTED_EDGE ( 'NONE', *, *, #346, .F. ) ;
#1708 = CARTESIAN_POINT ( 'NONE',  ( -0.5547454243490999026, 7.018832641256327776, -13.99310720490188054 ) ) ;
#1709 = CARTESIAN_POINT ( 'NONE',  ( 14.96662954709576532, 0.000000000000000000, -1.000000000000000000 ) ) ;
#1710 = DIRECTION ( 'NONE',  ( -1.000000000000000000, 0.000000000000000000, 0.000000000000000000 ) ) ;
#1711 = CARTESIAN_POINT ( 'NONE',  ( -14.99939194845307000, 20.79969827450489106, 0.3855739996460175179 ) ) ;
#1712 = CARTESIAN_POINT ( 'NONE',  ( 0.7332501210811586123, 17.94731626520055201, -13.98078482274634204 ) ) ;
#1713 = CARTESIAN_POINT ( 'NONE',  ( -4.895604370122277338, 11.48360546477282718, -15.00000000000000000 ) ) ;
#1714 = CIRCLE ( 'NONE', #2417, 10.00000000000000000 ) ;
#1715 = DIRECTION ( 'NONE',  ( 0.000000000000000000, -1.000000000000000000, 0.000000000000000000 ) ) ;
#1716 = LINE ( 'NONE', #670, #15 ) ;
#1717 = ORIENTED_EDGE ( 'NONE', *, *, #1126, .T. ) ;
#1718 = AXIS2_PLACEMENT_3D ( 'NONE', #1945, #74, #2162 ) ;
#1719 = ORIENTED_EDGE ( 'NONE', *, *, #2278, .T. ) ;
#1720 = CARTESIAN_POINT ( 'NONE',  ( 15.99871026597284640, 21.59069398336138690, -0.2339722156994290536 ) ) ;
#1721 = LINE ( 'NONE', #1505, #1394 ) ;
#1722 = CARTESIAN_POINT ( 'NONE',  ( 0.3239597992693352690, 7.442625475513007324E-16, -14.49999999999999822 ) ) ;
#1723 = CARTESIAN_POINT ( 'NONE',  ( 0.000000000000000000, 20.00000000000000000, 0.000000000000000000 ) ) ;
#1724 = DIRECTION ( 'NONE',  ( -0.000000000000000000, -0.000000000000000000, -1.000000000000000000 ) ) ;
#1725 = CARTESIAN_POINT ( 'NONE',  ( -14.96662954709576532, 20.00000000000000000, 1.000000000000000000 ) ) ;
#1726 = EDGE_CURVE ( 'NONE', #3, #615, #543, .T. ) ;
#1727 = CARTESIAN_POINT ( 'NONE',  ( -5.156592316494183592, 13.85801928417398621, -13.01591145016904072 ) ) ;
#1728 = TOROIDAL_SURFACE ( 'NONE', #1117, 15.00000000000000000, 1.000000000000000000 ) ;
#1729 = CARTESIAN_POINT ( 'NONE',  ( 0.8239597992692869743, 17.93339035402794224, -13.97573219009251488 ) ) ;
#1730 = EDGE_LOOP ( 'NONE', ( #1872, #1688, #2029, #2123 ) ) ;
#1731 = ORIENTED_EDGE ( 'NONE', *, *, #1944, .F. ) ;
#1732 = CARTESIAN_POINT ( 'NONE',  ( -5.050664809638305108, 10.76528259035290880, -13.05791536398933061 ) ) ;
#1733 = CARTESIAN_POINT ( 'NONE',  ( 0.3239597992693191708, 7.009549194423342122, -15.00000000000000000 ) ) ;
#1734 = CARTESIAN_POINT ( 'NONE',  ( -5.385164807134506404, 13.61803398874989313, -15.00000000000000000 ) ) ;
#1735 = CARTESIAN_POINT ( 'NONE',  ( -4.999992527996554692, 12.33856260344963118, -13.41641123456711426 ) ) ;
#1736 = ADVANCED_FACE ( 'NONE', ( #1966 ), #2660, .T. ) ;
#1737 = CARTESIAN_POINT ( 'NONE',  ( -16.00000000000000000, 25.00000000000000000, 0.000000000000000000 ) ) ;
#1738 = CARTESIAN_POINT ( 'NONE',  ( 2.818318921651699505, 17.17311670205198482, -13.71632961109041204 ) ) ;
#1739 = AXIS2_PLACEMENT_3D ( 'NONE', #1429, #1438, #1215 ) ;
#1740 = CARTESIAN_POINT ( 'NONE',  ( -4.933426854504848968, 11.66578269026100045, -15.03896492463782053 ) ) ;
#1741 = ADVANCED_FACE ( 'NONE', ( #2169 ), #1952, .T. ) ;
#1742 = DIRECTION ( 'NONE',  ( 0.000000000000000000, 1.000000000000000000, 0.000000000000000000 ) ) ;
#1743 = DIRECTION ( 'NONE',  ( 0.000000000000000000, 1.000000000000000000, 0.000000000000000000 ) ) ;
#1744 = ORIENTED_EDGE ( 'NONE', *, *, #1523, .F. ) ;
#1745 = CIRCLE ( 'NONE', #2090, 0.4999999999999997224 ) ;
#1746 = CARTESIAN_POINT ( 'NONE',  ( -3.148899562474713143, 8.603326232979350507, -14.08319783470558839 ) ) ;
#1747 = ADVANCED_FACE ( 'NONE', ( #613 ), #1414, .T. ) ;
#1748 = CARTESIAN_POINT ( 'NONE',  ( 1.118465106512531504, 17.38243692182650690, -14.45135607354741225 ) ) ;
#1749 = CARTESIAN_POINT ( 'NONE',  ( 14.96662954709576532, 21.00000000000000000, -1.000000000000000000 ) ) ;
#1750 = AXIS2_PLACEMENT_3D ( 'NONE', #741, #2154, #2187 ) ;
#1751 = CARTESIAN_POINT ( 'NONE',  ( -2.497872147418937150, 17.36612291871141167, -13.77887868990478104 ) ) ;
#1752 = CARTESIAN_POINT ( 'NONE',  ( 9.958591954639384625, 1.000000000000000000, -0.9090909090909090606 ) ) ;
#1753 = CARTESIAN_POINT ( 'NONE',  ( -13.48297048536328191, 4.101614011529886028, 4.336808689942017243E-16 ) ) ;
#1754 = PERSON_AND_ORGANIZATION ( #602, #2350 ) ;
#1755 = CARTESIAN_POINT ( 'NONE',  ( -14.96662954709576532, 20.00000000000000000, 0.000000000000000000 ) ) ;
#1756 = ORIENTED_EDGE ( 'NONE', *, *, #1126, .F. ) ;
#1757 = DIRECTION ( 'NONE',  ( 0.000000000000000000, 0.000000000000000000, 1.000000000000000000 ) ) ;
#1758 = APPLICATION_CONTEXT ( 'configuration controlled 3d designs of mechanical parts and assemblies' ) ;
#1759 = CARTESIAN_POINT ( 'NONE',  ( -5.155131411057770841, 11.13666349646787346, -13.01649026143140553 ) ) ;
#1760 = EDGE_CURVE ( 'NONE', #2357, #1238, #1199, .T. ) ;
#1761 = DIRECTION ( 'NONE',  ( -0.000000000000000000, -1.000000000000000000, -0.000000000000000000 ) ) ;
#1762 = VERTEX_POINT ( 'NONE', #1013 ) ;
#1763 = CARTESIAN_POINT ( 'NONE',  ( -0.8233496721738829960, 17.43174363864659782, -14.47168736996383487 ) ) ;
#1764 = DIRECTION ( 'NONE',  ( 0.000000000000000000, -1.000000000000000000, 0.000000000000000000 ) ) ;
#1765 = CARTESIAN_POINT ( 'NONE',  ( -4.845712184455148730, 11.22702057350272575, -13.48492991053712942 ) ) ;
#1766 = CARTESIAN_POINT ( 'NONE',  ( -14.56411880575278239, 3.769848690658377244, 0.000000000000000000 ) ) ;
#1767 = DIRECTION ( 'NONE',  ( 0.000000000000000000, -0.000000000000000000, -1.000000000000000000 ) ) ;
#1768 = ORIENTED_EDGE ( 'NONE', *, *, #2278, .F. ) ;
#1769 = CARTESIAN_POINT ( 'NONE',  ( 13.96885424395604858, 5.000000000000000888, -0.9333333333333333481 ) ) ;
#1770 = EDGE_CURVE ( 'NONE', #1372, #2692, #1894, .T. ) ;
#1771 = CIRCLE ( 'NONE', #2465, 1.000000000000000000 ) ;
#1772 = CARTESIAN_POINT ( 'NONE',  ( -5.385164807134506404, 24.00000000000000000, -13.99999999999999822 ) ) ;
#1773 = DIRECTION ( 'NONE',  ( 0.000000000000000000, 0.000000000000000000, -1.000000000000000000 ) ) ;
#1774 = EDGE_LOOP ( 'NONE', ( #239, #1266, #848, #2648, #282, #2017, #496, #293 ) ) ;
#1775 = CARTESIAN_POINT ( 'NONE',  ( -0.8239597992693179496, 17.43164173974428977, -14.48814693072671567 ) ) ;
#1776 = DIRECTION ( 'NONE',  ( 1.000000000000000000, -0.000000000000000000, -0.000000000000000000 ) ) ;
#1777 = CARTESIAN_POINT ( 'NONE',  ( -4.514487521066973486, 14.67267319214334620, -13.62384560593758032 ) ) ;
#1778 = ORIENTED_EDGE ( 'NONE', *, *, #2583, .T. ) ;
#1779 = CARTESIAN_POINT ( 'NONE',  ( -13.60019830185121847, 4.171386462489037328, 4.336808689942018229E-16 ) ) ;
#1780 = CARTESIAN_POINT ( 'NONE',  ( 4.858614894402602857, 14.74389107326257609, -13.13042566461052552 ) ) ;
#1781 = VERTEX_POINT ( 'NONE', #361 ) ;
#1782 = CARTESIAN_POINT ( 'NONE',  ( 14.03121519415524787, 4.860727180729289110, 9.095522937404692558E-13 ) ) ;
#1783 = AXIS2_PLACEMENT_3D ( 'NONE', #597, #1193, #152 ) ;
#1784 = CARTESIAN_POINT ( 'NONE',  ( -0.3127887717083069341, 17.99045080557666410, -13.99650539185739895 ) ) ;
#1785 = CARTESIAN_POINT ( 'NONE',  ( 2.055139673681095847, 17.58208871236529092, -13.85163400698562874 ) ) ;
#1786 = ORIENTED_EDGE ( 'NONE', *, *, #2611, .T. ) ;
#1787 = CARTESIAN_POINT ( 'NONE',  ( 12.96148139681572076, 2.999999999999999112, 0.000000000000000000 ) ) ;
#1788 = CC_DESIGN_PERSON_AND_ORGANIZATION_ASSIGNMENT ( #1754, #1594, ( #1441 ) ) ;
#1789 = ADVANCED_FACE ( 'NONE', ( #1210 ), #769, .F. ) ;
#1790 = CARTESIAN_POINT ( 'NONE',  ( -4.753345986893512176, 14.08329034185493889, -13.52518360512551610 ) ) ;
#1791 = SPHERICAL_SURFACE ( 'NONE', #39, 1.000000000000000000 ) ;
#1792 = FACE_OUTER_BOUND ( 'NONE', #2506, .T. ) ;
#1793 = DATE_AND_TIME ( #2425, #1625 ) ;
#1794 = CARTESIAN_POINT ( 'NONE',  ( 4.718640223246610255, 15.04395915039133946, -13.18194172553279131 ) ) ;
#1795 = ORIENTED_EDGE ( 'NONE', *, *, #2265, .F. ) ;
#1796 = CARTESIAN_POINT ( 'NONE',  ( -1.954528692067567075, 7.888537354236046184, -14.34298369295105857 ) ) ;
#1797 = CARTESIAN_POINT ( 'NONE',  ( 0.8239597992693179496, 7.513453611748848182, -14.21077471530517755 ) ) ;
#1798 = CARTESIAN_POINT ( 'NONE',  ( 3.157382397912246841, 8.065830821447599774, -13.64158211216617289 ) ) ;
#1799 = EDGE_LOOP ( 'NONE', ( #182, #212, #1666, #1321 ) ) ;
#1800 = CARTESIAN_POINT ( 'NONE',  ( -4.895604370122279114, 13.51639453522717638, -14.49999999999999822 ) ) ;
#1801 = DIRECTION ( 'NONE',  ( 0.000000000000000000, 0.000000000000000000, -1.000000000000000000 ) ) ;
#1802 = AXIS2_PLACEMENT_3D ( 'NONE', #1212, #2638, #606 ) ;
#1803 = DIRECTION ( 'NONE',  ( -0.9333333333333333481, 0.000000000000000000, 0.3590109871423004528 ) ) ;
#1804 = DIRECTION ( 'NONE',  ( 0.09090909090909091161, 0.000000000000000000, 0.9958591954639384181 ) ) ;
#1805 = B_SPLINE_CURVE_WITH_KNOTS ( 'NONE', 3,
 ( #2516, #1871, #2311, #2294, #435, #238, #1513, #1687, #1237, #252, #1050, #2121, #1918, #862 ),
 .UNSPECIFIED., .F., .F.,
 ( 4, 2, 2, 2, 2, 2, 4 ),
 ( 0.000000000000000000, 0.0007886420575332426987, 0.001577284115066485397, 0.001971605143833106855, 0.002365926172599728747, 0.002760247201366350205, 0.003154568230132972096 ),
 .UNSPECIFIED. ) ;
#1806 = APPROVAL_ROLE ( '' ) ;
#1807 = EDGE_CURVE ( 'NONE', #1834, #1706, #147, .T. ) ;
#1808 = CARTESIAN_POINT ( 'NONE',  ( 4.864040504326559322, 13.69592638222817804, -13.47689960325256386 ) ) ;
#1809 = CARTESIAN_POINT ( 'NONE',  ( -4.166158825783035091, 9.720172949527308148, -13.75781285890734118 ) ) ;
#1810 = CARTESIAN_POINT ( 'NONE',  ( 4.395082086991391357, 9.395738068857662384, -13.29333686673866310 ) ) ;
#1811 = CIRCLE ( 'NONE', #2280, 1.000000000000000000 ) ;
#1812 = CARTESIAN_POINT ( 'NONE',  ( 5.172848974483301276, 13.78396758233203556, -13.00942258341032520 ) ) ;
#1813 = EDGE_CURVE ( 'NONE', #1983, #1209, #2323, .T. ) ;
#1814 = CARTESIAN_POINT ( 'NONE',  ( 4.992338711160457798, 12.82693926729471556, -15.10771786187860855 ) ) ;
#1815 = CARTESIAN_POINT ( 'NONE',  ( 0.000000000000000000, 25.00000000000000000, -13.99999999999999822 ) ) ;
#1816 = DIRECTION ( 'NONE',  ( -8.881784197001252323E-16, 0.000000000000000000, 1.000000000000000000 ) ) ;
#1817 = CARTESIAN_POINT ( 'NONE',  ( -0.4232863696628199057, 7.129022860311519771, -13.99403603204412150 ) ) ;
#1818 = CIRCLE ( 'NONE', #1609, 16.00000000000000000 ) ;
#1819 = EDGE_CURVE ( 'NONE', #45, #1350, #1057, .T. ) ;
#1820 = CARTESIAN_POINT ( 'NONE',  ( -13.85828712334950374, 4.474746602200061041, -0.9394887634424096134 ) ) ;
#1821 = CARTESIAN_POINT ( 'NONE',  ( 0.8239597992692869743, 7.066609645972058651, -13.97573219009251488 ) ) ;
#1822 = EDGE_CURVE ( 'NONE', #2397, #2612, #2420, .T. ) ;
#1823 = EDGE_LOOP ( 'NONE', ( #551, #1376, #1583 ) ) ;
#1824 = CARTESIAN_POINT ( 'NONE',  ( -5.000073747895563692, 12.15940829134258117, -14.48661509161727068 ) ) ;
#1825 = CARTESIAN_POINT ( 'NONE',  ( -5.385164807134506404, 24.00000000000000000, -14.00000000000000000 ) ) ;
#1826 = DIRECTION ( 'NONE',  ( -0.06666666666666672125, 0.000000000000000000, -0.9977753031397178507 ) ) ;
#1827 = CARTESIAN_POINT ( 'NONE',  ( 0.8239597992692947459, 17.67200158879963467, -14.02859844037797110 ) ) ;
#1828 = CIRCLE ( 'NONE', #535, 1.000000000000000000 ) ;
#1829 = AXIS2_PLACEMENT_3D ( 'NONE', #754, #298, #1992 ) ;
#1830 = CIRCLE ( 'NONE', #1140, 0.4999999999999997224 ) ;
#1831 = CIRCLE ( 'NONE', #2188, 5.500000000000001776 ) ;
#1832 = PLANE ( 'NONE',  #2037 ) ;
#1833 = CARTESIAN_POINT ( 'NONE',  ( 0.6915403683730233508, 7.548053724149405674, -14.48003259740397475 ) ) ;
#1834 = VERTEX_POINT ( 'NONE', #173 ) ;
#1835 = CARTESIAN_POINT ( 'NONE',  ( 5.519051304987836026, 13.24812544333768116, -14.99175900915013671 ) ) ;
#1836 = ADVANCED_FACE ( 'NONE', ( #2476 ), #2260, .T. ) ;
#1837 = VERTEX_POINT ( 'NONE', #30 ) ;
#1838 = CARTESIAN_POINT ( 'NONE',  ( 0.8239597992692869743, 21.00000000000000355, -13.97573219009251488 ) ) ;
#1839 = DIRECTION ( 'NONE',  ( -1.000000000000000000, -0.000000000000000000, 0.000000000000000000 ) ) ;
#1840 = CARTESIAN_POINT ( 'NONE',  ( -14.98172341728308687, 20.50412053145407043, 0.1264766432895774728 ) ) ;
#1841 = EDGE_CURVE ( 'NONE', #199, #1372, #1549, .T. ) ;
#1842 = CIRCLE ( 'NONE', #2546, 11.00000000000000000 ) ;
#1843 = CARTESIAN_POINT ( 'NONE',  ( 5.385164807134506404, 25.00000000000000000, -13.99999999999999822 ) ) ;
#1844 = CARTESIAN_POINT ( 'NONE',  ( 2.648184718604286836, 8.248559307105161054, -14.20735844707118289 ) ) ;
#1845 = PRODUCT_DEFINITION ( 'UNKNOWN', '', #1441, #939 ) ;
#1846 = ORIENTED_EDGE ( 'NONE', *, *, #690, .F. ) ;
#1847 = CARTESIAN_POINT ( 'NONE',  ( -0.4367414852817141369, 7.129217128713170482, -15.00000000000000355 ) ) ;
#1848 = ORIENTED_EDGE ( 'NONE', *, *, #2572, .F. ) ;
#1849 = DIRECTION ( 'NONE',  ( 0.000000000000000000, 0.000000000000000000, -1.000000000000000000 ) ) ;
#1850 = CARTESIAN_POINT ( 'NONE',  ( 0.000000000000000000, 5.000000000000000000, 0.000000000000000000 ) ) ;
#1851 = CARTESIAN_POINT ( 'NONE',  ( -0.7943520358723238362, 7.541891920817533013, -14.31209361415849379 ) ) ;
#1852 = B_SPLINE_CURVE_WITH_KNOTS ( 'NONE', 3,
 ( #13, #1440, #194, #2117, #418, #207, #2473, #234 ),
 .UNSPECIFIED., .F., .F.,
 ( 4, 2, 2, 4 ),
 ( -4.476033288228493545E-06, 0.0004888393119809779711, 0.0007354969846155800205, 0.0009821546572501820699 ),
 .UNSPECIFIED. ) ;
#1853 = CARTESIAN_POINT ( 'NONE',  ( -10.95445115010332238, 1.000000000000000888, -1.000000000000000000 ) ) ;
#1854 = DIRECTION ( 'NONE',  ( -0.000000000000000000, 1.000000000000000000, -0.000000000000000000 ) ) ;
#1855 = DIRECTION ( 'NONE',  ( 0.000000000000000000, 0.000000000000000000, -1.000000000000000000 ) ) ;
#1856 = VERTEX_POINT ( 'NONE', #2075 ) ;
#1857 = DIRECTION ( 'NONE',  ( -0.000000000000000000, -1.000000000000000000, 0.000000000000000000 ) ) ;
#1858 = ORIENTED_EDGE ( 'NONE', *, *, #91, .T. ) ;
#1859 = CARTESIAN_POINT ( 'NONE',  ( 4.999999999999999112, 12.15796005592936169, -14.48663423480019397 ) ) ;
#1860 = EDGE_LOOP ( 'NONE', ( #2407, #422, #1442, #655 ) ) ;
#1861 = LINE ( 'NONE', #472, #2543 ) ;
#1862 = AXIS2_PLACEMENT_3D ( 'NONE', #985, #400, #190 ) ;
#1863 = FACE_OUTER_BOUND ( 'NONE', #1730, .T. ) ;
#1864 = CARTESIAN_POINT ( 'NONE',  ( -13.96885424395604858, 5.000000000000000888, -0.9333333333333333481 ) ) ;
#1865 = EDGE_CURVE ( 'NONE', #1283, #1238, #1805, .T. ) ;
#1866 = CARTESIAN_POINT ( 'NONE',  ( 13.75669370944544667, 4.305404513503735764, -8.456418949727951665E-14 ) ) ;
#1867 = DIRECTION ( 'NONE',  ( 1.000000000000000000, -0.000000000000000000, 0.000000000000000000 ) ) ;
#1868 = DIRECTION ( 'NONE',  ( 0.000000000000000000, -1.000000000000000000, 0.000000000000000000 ) ) ;
#1869 = AXIS2_PLACEMENT_3D ( 'NONE', #2346, #2287, #259 ) ;
#1870 = VERTEX_POINT ( 'NONE', #211 ) ;
#1871 = CARTESIAN_POINT ( 'NONE',  ( -14.96662954709576532, 4.735529439214012370, -0.000000000000000000 ) ) ;
#1872 = ORIENTED_EDGE ( 'NONE', *, *, #1173, .T. ) ;
#1873 = CARTESIAN_POINT ( 'NONE',  ( 15.96440485023548383, 20.27331061602081519, -1.066666666666666430 ) ) ;
#1874 = EDGE_LOOP ( 'NONE', ( #2604, #299, #879, #1040 ) ) ;
#1875 = CARTESIAN_POINT ( 'NONE',  ( -1.773186983702647268, 7.814073623197050900, -14.37186789191311398 ) ) ;
#1876 = CARTESIAN_POINT ( 'NONE',  ( -0.5485440168678561434, 17.74793313758519631, -14.96366509800653155 ) ) ;
#1877 = CARTESIAN_POINT ( 'NONE',  ( 0.000000000000000000, 12.50000000000000000, -15.00000000000000000 ) ) ;
#1878 = ADVANCED_FACE ( 'NONE', ( #197 ), #976, .F. ) ;
#1879 = EDGE_CURVE ( 'NONE', #1163, #2397, #2494, .T. ) ;
#1880 = DIRECTION ( 'NONE',  ( -0.000000000000000000, -1.000000000000000000, -0.000000000000000000 ) ) ;
#1881 = CARTESIAN_POINT ( 'NONE',  ( 0.000000000000000000, 3.000000000000000000, 0.000000000000000000 ) ) ;
#1882 = CARTESIAN_POINT ( 'NONE',  ( 4.999999999999180211, 12.20340843399066522, -13.41640786499911009 ) ) ;
#1883 = AXIS2_PLACEMENT_3D ( 'NONE', #2601, #1804, #969 ) ;
#1884 = EDGE_LOOP ( 'NONE', ( #2594, #1786, #2519 ) ) ;
#1885 = EDGE_CURVE ( 'NONE', #2357, #1014, #1455, .T. ) ;
#1886 = CARTESIAN_POINT ( 'NONE',  ( 5.518954616491075882, 11.75163122419276185, -14.99177032215791705 ) ) ;
#1887 = ORIENTED_EDGE ( 'NONE', *, *, #2436, .F. ) ;
#1888 = DIRECTION ( 'NONE',  ( 8.881784197001252323E-16, 0.000000000000000000, -1.000000000000000000 ) ) ;
#1889 = EDGE_CURVE ( 'NONE', #1706, #1554, #555, .T. ) ;
#1890 = ORIENTED_EDGE ( 'NONE', *, *, #2019, .T. ) ;
#1891 = CARTESIAN_POINT ( 'NONE',  ( -2.146095703095820983, 7.980763448157198070, -13.83676893956155141 ) ) ;
#1892 = CARTESIAN_POINT ( 'NONE',  ( 0.5485440168678568096, 7.252066862414808135, -14.96366509800652977 ) ) ;
#1893 = DIRECTION ( 'NONE',  ( 0.000000000000000000, 0.000000000000000000, -1.000000000000000000 ) ) ;
#1894 = B_SPLINE_CURVE_WITH_KNOTS ( 'NONE', 3,
 ( #792, #394, #1824, #2005, #2677, #1800 ),
 .UNSPECIFIED., .F., .F.,
 ( 4, 2, 4 ),
 ( 0.000000000000000000, 0.001023098780025143931, 0.002046197560050287863 ),
 .UNSPECIFIED. ) ;
#1895 = PLANE ( 'NONE',  #823 ) ;
#1896 = CARTESIAN_POINT ( 'NONE',  ( -15.96440485023548383, 22.00000000000000355, 1.066666666666667318 ) ) ;
#1897 = CARTESIAN_POINT ( 'NONE',  ( 4.973818823917632415, 11.90996824598165915, -13.42831917490357618 ) ) ;
#1898 = CARTESIAN_POINT ( 'NONE',  ( -4.895604370122278226, 13.51639453522717638, -14.49999999999999822 ) ) ;
#1899 = ORIENTED_EDGE ( 'NONE', *, *, #310, .F. ) ;
#1900 = CARTESIAN_POINT ( 'NONE',  ( 4.991195211248867558, 12.15808625724919168, -14.48920396355753404 ) ) ;
#1901 = ORIENTED_EDGE ( 'NONE', *, *, #2619, .T. ) ;
#1902 = DIRECTION ( 'NONE',  ( -0.000000000000000000, -1.000000000000000000, -0.000000000000000000 ) ) ;
#1903 = ORIENTED_EDGE ( 'NONE', *, *, #1822, .F. ) ;
#1904 = VERTEX_POINT ( 'NONE', #2106 ) ;
#1905 = CARTESIAN_POINT ( 'NONE',  ( 16.00007210881572561, 20.86805748208278999, 0.4985072185252830135 ) ) ;
#1906 = DIRECTION ( 'NONE',  ( 0.000000000000000000, -1.000000000000000000, 0.000000000000000000 ) ) ;
#1907 = CARTESIAN_POINT ( 'NONE',  ( 5.593969039097542506, 12.88673111882988209, -14.97875371458515481 ) ) ;
#1908 = CIRCLE ( 'NONE', #253, 15.00000000000000000 ) ;
#1909 = B_SPLINE_CURVE_WITH_KNOTS ( 'NONE', 3,
 ( #1729, #2148, #951, #1785, #1588, #1388, #1526, #265, #1932, #2355, #280, #1110, #75, #570, #1812, #1684, #820, #2644, #978, #1657, #648, #2483, #193, #2059, #632, #1032, #431, #1798, #135, #1188, #1400, #1467, #2291, #620 ),
 .UNSPECIFIED., .F., .F.,
 ( 4, 2, 2, 2, 2, 2, 2, 2, 2, 2, 2, 2, 2, 2, 2, 2, 4 ),
 ( 0.000000000000000000, 0.0009774801285100168362, 0.001954960257020033672, 0.002932440385530050292, 0.003909920514040067345, 0.004887400642550085265, 0.005864880771060102319, 0.006842360899570120239, 0.007819841028080138159, 0.008797321156590154345, 0.009774801285100172266, 0.01075228141361018845, 0.01172976154212020464, 0.01270724167063022603, 0.01368472179914024568, 0.01466220192765026707, 0.01563968205616028673 ),
 .UNSPECIFIED. ) ;
#1910 = CARTESIAN_POINT ( 'NONE',  ( 14.96662954709576532, 20.13224849954968576, 2.964615315390051187E-17 ) ) ;
#1911 = CARTESIAN_POINT ( 'NONE',  ( -14.97035810193886007, 20.26196131890313623, 0.02605184780753562121 ) ) ;
#1912 = CARTESIAN_POINT ( 'NONE',  ( 14.96662954709576532, 1.000000000000000000, -1.000000000000000000 ) ) ;
#1913 = AXIS2_PLACEMENT_3D ( 'NONE', #747, #718, #2173 ) ;
#1914 = CARTESIAN_POINT ( 'NONE',  ( -4.958315313655196732, 13.16532182763291914, -15.06691283481848664 ) ) ;
#1915 = AXIS2_PLACEMENT_3D ( 'NONE', #1153, #1803, #112 ) ;
#1916 = ORIENTED_EDGE ( 'NONE', *, *, #153, .F. ) ;
#1917 = CIRCLE ( 'NONE', #446, 1.000000000000000000 ) ;
#1918 = CARTESIAN_POINT ( 'NONE',  ( -13.09370642861466472, 3.000000000000000888, -0.000000000000000000 ) ) ;
#1919 = CARTESIAN_POINT ( 'NONE',  ( 15.97349908294521903, 22.00000000000000711, 0.9305566546850504439 ) ) ;
#1920 = EDGE_LOOP ( 'NONE', ( #255, #2282 ) ) ;
#1921 = ORIENTED_EDGE ( 'NONE', *, *, #1841, .F. ) ;
#1922 = CARTESIAN_POINT ( 'NONE',  ( 15.99660922414844499, 21.50617668569093510, -0.3437814702232999120 ) ) ;
#1923 = DIRECTION ( 'NONE',  ( -2.664535259100375697E-15, 0.000000000000000000, -1.000000000000000000 ) ) ;
#1924 = CYLINDRICAL_SURFACE ( 'NONE', #1036, 0.5000000000000000000 ) ;
#1925 = DIRECTION ( 'NONE',  ( 0.000000000000000000, 0.000000000000000000, 1.000000000000000000 ) ) ;
#1926 = CARTESIAN_POINT ( 'NONE',  ( -14.98395110019967014, 21.00000000000000000, 0.8703773621312977937 ) ) ;
#1927 = EDGE_CURVE ( 'NONE', #2314, #922, #2548, .T. ) ;
#1928 = DIRECTION ( 'NONE',  ( 1.000000000000000000, 1.734723475976806503E-15, 0.000000000000000000 ) ) ;
#1929 = CARTESIAN_POINT ( 'NONE',  ( -4.958360397681056853, 11.83492167464805078, -15.06696282896694505 ) ) ;
#1930 = CIRCLE ( 'NONE', #186, 16.00000000000000000 ) ;
#1931 = CARTESIAN_POINT ( 'NONE',  ( -14.96662954709576532, 25.00000000000000000, 0.000000000000000000 ) ) ;
#1932 = CARTESIAN_POINT ( 'NONE',  ( 3.858000289502784952, 16.29299405539342160, -13.45955026634343099 ) ) ;
#1933 = EDGE_LOOP ( 'NONE', ( #2477, #1768, #2040, #836 ) ) ;
#1934 = AXIS2_PLACEMENT_3D ( 'NONE', #1525, #1387, #2211 ) ;
#1935 = ORIENTED_EDGE ( 'NONE', *, *, #51, .T. ) ;
#1936 = CARTESIAN_POINT ( 'NONE',  ( -3.082875946456048677, 8.550444774371708689, -13.66144175339311850 ) ) ;
#1937 = CARTESIAN_POINT ( 'NONE',  ( 0.000000000000000000, 1.000000000000000888, 0.000000000000000000 ) ) ;
#1938 = DIRECTION ( 'NONE',  ( -0.000000000000000000, 1.000000000000000000, -0.000000000000000000 ) ) ;
#1939 = CARTESIAN_POINT ( 'NONE',  ( -3.014688660497544248, 16.49209485833861422, -14.11645975247163953 ) ) ;
#1940 = AXIS2_PLACEMENT_3D ( 'NONE', #2341, #2095, #2313 ) ;
#1941 = CARTESIAN_POINT ( 'NONE',  ( 0.000000000000000000, 12.50000000000000000, -15.00000000000000000 ) ) ;
#1942 = CARTESIAN_POINT ( 'NONE',  ( 2.259864833366995729, 17.48799920192993795, -13.81932091237217186 ) ) ;
#1943 = CARTESIAN_POINT ( 'NONE',  ( -5.461743274182599528, 11.56639138496482389, -15.00000000000000000 ) ) ;
#1944 = EDGE_CURVE ( 'NONE', #1096, #1630, #2595, .T. ) ;
#1945 = CARTESIAN_POINT ( 'NONE',  ( 0.000000000000000000, 21.00000000000000000, 0.000000000000000000 ) ) ;
#1946 = VECTOR ( 'NONE', #940, 1000.000000000000000 ) ;
#1947 = CARTESIAN_POINT ( 'NONE',  ( -10.95445115010332238, 1.000000000000000000, -1.000000000000000000 ) ) ;
#1948 = ORIENTED_EDGE ( 'NONE', *, *, #1664, .F. ) ;
#1949 = ORIENTED_EDGE ( 'NONE', *, *, #1979, .F. ) ;
#1950 = CARTESIAN_POINT ( 'NONE',  ( -4.067137555331219012, 8.946375984174157026, -13.39841462358115720 ) ) ;
#1951 = CARTESIAN_POINT ( 'NONE',  ( -10.00000000000000000, 1.000000000000000888, 0.000000000000000000 ) ) ;
#1952 = CYLINDRICAL_SURFACE ( 'NONE', #1673, 1.000000000000000000 ) ;
#1953 = CARTESIAN_POINT ( 'NONE',  ( -2.557214591186056651, 16.80907455094644121, -13.76906003816568180 ) ) ;
#1954 = CARTESIAN_POINT ( 'NONE',  ( -13.22367198447948056, 3.000000010934695371, 0.000000000000000000 ) ) ;
#1955 = PERSON_AND_ORGANIZATION ( #602, #2350 ) ;
#1956 = CARTESIAN_POINT ( 'NONE',  ( 3.576885073041911944, 16.00622328125396621, -13.95775622871635413 ) ) ;
#1957 = AXIS2_PLACEMENT_3D ( 'NONE', #2021, #2033, #2460 ) ;
#1958 = VERTEX_POINT ( 'NONE', #2328 ) ;
#1959 = DIRECTION ( 'NONE',  ( -1.000000000000000000, 0.000000000000000000, 0.000000000000000000 ) ) ;
#1960 = CARTESIAN_POINT ( 'NONE',  ( -2.879456088606049846, 17.13428441405919500, -13.70348646055345121 ) ) ;
#1961 = DIRECTION ( 'NONE',  ( 1.000000000000000000, 0.000000000000000000, 0.000000000000000000 ) ) ;
#1962 = EDGE_LOOP ( 'NONE', ( #526, #2066, #2464, #2492, #2625, #1070 ) ) ;
#1963 = AXIS2_PLACEMENT_3D ( 'NONE', #1095, #495, #2561 ) ;
#1964 = AXIS2_PLACEMENT_3D ( 'NONE', #1020, #2700, #2102 ) ;
#1965 = CARTESIAN_POINT ( 'NONE',  ( 0.000000000000000000, 22.00000000000000355, 0.000000000000000000 ) ) ;
#1966 = FACE_OUTER_BOUND ( 'NONE', #2503, .T. ) ;
#1967 = CIRCLE ( 'NONE', #1409, 1.000000000000000000 ) ;
#1968 = CARTESIAN_POINT ( 'NONE',  ( -4.794697091987011994, 14.88994051151375864, -13.15405782715330929 ) ) ;
#1969 = CARTESIAN_POINT ( 'NONE',  ( 0.000000000000000000, 1.000000000000000888, 0.000000000000000000 ) ) ;
#1970 = CARTESIAN_POINT ( 'NONE',  ( -13.80749740422479732, 4.352201604364903886, 1.978449802262370582E-13 ) ) ;
#1971 = EDGE_CURVE ( 'NONE', #590, #536, #148, .T. ) ;
#1972 =( NAMED_UNIT ( * ) SI_UNIT ( $, .STERADIAN. ) SOLID_ANGLE_UNIT ( ) );
#1973 = CARTESIAN_POINT ( 'NONE',  ( 1.364714890139264503, 17.82540601666339342, -13.93662308955518903 ) ) ;
#1974 = VERTEX_POINT ( 'NONE', #1662 ) ;
#1975 = CARTESIAN_POINT ( 'NONE',  ( 5.385164807134506404, 0.000000000000000000, -13.99999999999999822 ) ) ;
#1976 = CARTESIAN_POINT ( 'NONE',  ( -4.671891397343946650, 9.863224210093825661, -13.19877079588661672 ) ) ;
#1977 = DIRECTION ( 'NONE',  ( 0.000000000000000000, 0.000000000000000000, -1.000000000000000000 ) ) ;
#1978 = ORIENTED_EDGE ( 'NONE', *, *, #2047, .F. ) ;
#1979 = EDGE_CURVE ( 'NONE', #696, #2120, #544, .T. ) ;
#1980 = DIRECTION ( 'NONE',  ( 0.000000000000000000, -1.000000000000000000, 0.000000000000000000 ) ) ;
#1981 = CARTESIAN_POINT ( 'NONE',  ( -5.517069800907045796, 13.25572500381561269, -14.99205428037728893 ) ) ;
#1982 = CARTESIAN_POINT ( 'NONE',  ( -1.413298532092591264, 17.30626828733625189, -13.93243232337162496 ) ) ;
#1983 = VERTEX_POINT ( 'NONE', #1146 ) ;
#1984 = DIRECTION ( 'NONE',  ( 0.9958591954639384181, 0.000000000000000000, 0.09090909090909092549 ) ) ;
#1985 = PLANE ( 'NONE',  #662 ) ;
#1986 = APPROVAL_STATUS ( 'not_yet_approved' ) ;
#1987 = CARTESIAN_POINT ( 'NONE',  ( 4.772487185806691734, 14.02212452789252417, -13.16610676571981209 ) ) ;
#1988 = ORIENTED_EDGE ( 'NONE', *, *, #1927, .T. ) ;
#1989 = CARTESIAN_POINT ( 'NONE',  ( 0.000000000000000000, 21.00000000000000000, 0.000000000000000000 ) ) ;
#1990 = CARTESIAN_POINT ( 'NONE',  ( -1.986126380016013382, 17.61271130520832884, -13.86181440305379731 ) ) ;
#1991 = EDGE_CURVE ( 'NONE', #101, #266, #2373, .T. ) ;
#1992 = DIRECTION ( 'NONE',  ( -8.673617379884035472E-16, 0.000000000000000000, 1.000000000000000000 ) ) ;
#1993 = ORIENTED_EDGE ( 'NONE', *, *, #284, .T. ) ;
#1994 = CARTESIAN_POINT ( 'NONE',  ( 0.000000000000000000, 0.000000000000000000, 0.000000000000000000 ) ) ;
#1995 = CARTESIAN_POINT ( 'NONE',  ( -5.048381254398607076, 14.24161937588435478, -13.05879796283864458 ) ) ;
#1996 = DIRECTION ( 'NONE',  ( -2.297391680171193602E-15, 1.000000000000000000, -0.000000000000000000 ) ) ;
#1997 = CARTESIAN_POINT ( 'NONE',  ( -0.8233496721738829960, 7.568256361353403960, -14.47168736996383487 ) ) ;
#1998 = CARTESIAN_POINT ( 'NONE',  ( 5.251774211935766878, 13.33100453071117997, -12.97766614087367820 ) ) ;
#1999 = ORIENTED_EDGE ( 'NONE', *, *, #310, .T. ) ;
#2000 = CARTESIAN_POINT ( 'NONE',  ( 0.000000000000000000, 4.000000000000000000, -1.000000000000000000 ) ) ;
#2001 = CARTESIAN_POINT ( 'NONE',  ( 4.208061887564468861, 9.129533745945932921, -13.35433923444588800 ) ) ;
#2002 = CIRCLE ( 'NONE', #127, 5.500000000000001776 ) ;
#2003 = CARTESIAN_POINT ( 'NONE',  ( 16.00000000000000000, 1.000000000000000888, 0.000000000000000000 ) ) ;
#2004 = ORIENTED_EDGE ( 'NONE', *, *, #2216, .T. ) ;
#2005 = CARTESIAN_POINT ( 'NONE',  ( -4.999926018423177076, 12.84275356554752534, -14.48665343864120736 ) ) ;
#2006 = ADVANCED_FACE ( 'NONE', ( #724 ), #120, .T. ) ;
#2007 = CIRCLE ( 'NONE', #2351, 0.9999999999999997780 ) ;
#2008 = FACE_OUTER_BOUND ( 'NONE', #2550, .T. ) ;
#2009 = DIRECTION ( 'NONE',  ( -1.000000000000000000, -0.000000000000000000, -0.000000000000000000 ) ) ;
#2010 = CARTESIAN_POINT ( 'NONE',  ( -13.09266248344008154, 3.989998231713662857, 2.827803793420313794E-14 ) ) ;
#2011 = CALENDAR_DATE ( 2026, 1, 9 ) ;
#2012 = CARTESIAN_POINT ( 'NONE',  ( 4.941801768838453235, 13.27615404461819892, -13.10310254772495853 ) ) ;
#2013 = EDGE_CURVE ( 'NONE', #2312, #965, #1558, .T. ) ;
#2014 = CARTESIAN_POINT ( 'NONE',  ( -3.419623454675107865, 16.15938928189465074, -14.00589442788834127 ) ) ;
#2015 = CARTESIAN_POINT ( 'NONE',  ( 4.865547826570778334, 11.30972569620658241, -13.47624064232584296 ) ) ;
#2016 = CARTESIAN_POINT ( 'NONE',  ( -5.385164807134506404, 0.000000000000000000, -15.00000000000000000 ) ) ;
#2017 = ORIENTED_EDGE ( 'NONE', *, *, #1034, .T. ) ;
#2018 = CARTESIAN_POINT ( 'NONE',  ( 5.461743274181736219, 13.43360861503498427, -15.00000000000000000 ) ) ;
#2019 = EDGE_CURVE ( 'NONE', #2331, #1350, #841, .T. ) ;
#2020 = CARTESIAN_POINT ( 'NONE',  ( -14.96662954709576532, 1.000000000000000888, 0.000000000000000000 ) ) ;
#2021 = CARTESIAN_POINT ( 'NONE',  ( 0.000000000000000000, 12.50000000000000000, -14.49999999999999822 ) ) ;
#2022 = AXIS2_PLACEMENT_3D ( 'NONE', #683, #1066, #1022 ) ;
#2023 = EDGE_CURVE ( 'NONE', #1870, #822, #1306, .T. ) ;
#2024 = ORIENTED_EDGE ( 'NONE', *, *, #817, .F. ) ;
#2025 = CARTESIAN_POINT ( 'NONE',  ( -4.587490880123403336, 10.48959385988882786, -13.59411366776469343 ) ) ;
#2026 = CARTESIAN_POINT ( 'NONE',  ( 0.6659966418844287528, 7.544486537220967293, -13.98431797155852330 ) ) ;
#2027 = AXIS2_PLACEMENT_3D ( 'NONE', #2624, #1743, #1559 ) ;
#2028 = ADVANCED_FACE ( 'NONE', ( #924 ), #524, .T. ) ;
#2029 = ORIENTED_EDGE ( 'NONE', *, *, #1971, .T. ) ;
#2030 = DIRECTION ( 'NONE',  ( -0.000000000000000000, -1.000000000000000000, -0.000000000000000000 ) ) ;
#2031 = DIRECTION ( 'NONE',  ( 0.09090909090909091161, -0.000000000000000000, 0.9958591954639384181 ) ) ;
#2032 = CARTESIAN_POINT ( 'NONE',  ( 14.96662954709576532, 20.00000000000000000, 1.000000000000000000 ) ) ;
#2033 = DIRECTION ( 'NONE',  ( -0.000000000000000000, -0.000000000000000000, -1.000000000000000000 ) ) ;
#2034 = DIRECTION ( 'NONE',  ( 0.000000000000000000, 0.000000000000000000, -1.000000000000000000 ) ) ;
#2035 = CARTESIAN_POINT ( 'NONE',  ( 3.075455872396825274, 8.004246287468577137, -13.66039626089938785 ) ) ;
#2036 = EDGE_CURVE ( 'NONE', #1209, #1038, #1352, .T. ) ;
#2037 = AXIS2_PLACEMENT_3D ( 'NONE', #2665, #798, #1217 ) ;
#2038 = EDGE_LOOP ( 'NONE', ( #861, #863, #1067, #867 ) ) ;
#2039 = DIRECTION ( 'NONE',  ( -0.000000000000000000, -1.000000000000000000, -0.000000000000000000 ) ) ;
#2040 = ORIENTED_EDGE ( 'NONE', *, *, #195, .F. ) ;
#2041 = CARTESIAN_POINT ( 'NONE',  ( -14.96662954709576532, 5.000000000000000888, 0.000000000000000000 ) ) ;
#2042 = ORIENTED_EDGE ( 'NONE', *, *, #1819, .T. ) ;
#2043 = DIRECTION ( 'NONE',  ( -1.000000000000000000, -0.000000000000000000, -0.000000000000000000 ) ) ;
#2044 = AXIS2_PLACEMENT_3D ( 'NONE', #1723, #1274, #705 ) ;
#2045 = TOROIDAL_SURFACE ( 'NONE', #1482, 11.00000000000000000, 1.000000000000000000 ) ;
#2046 = AXIS2_PLACEMENT_3D ( 'NONE', #1246, #859, #1232 ) ;
#2047 = EDGE_CURVE ( 'NONE', #668, #1283, #264, .T. ) ;
#2048 = CARTESIAN_POINT ( 'NONE',  ( 12.96148139681572076, 3.000000000000000888, 0.000000000000000000 ) ) ;
#2049 = CARTESIAN_POINT ( 'NONE',  ( 3.516609664460745410, 8.932077629644503247, -13.55581088324775507 ) ) ;
#2050 = ORIENTED_EDGE ( 'NONE', *, *, #793, .F. ) ;
#2051 = CARTESIAN_POINT ( 'NONE',  ( 10.95445115010332238, 5.000000000000000000, -1.000000000000000000 ) ) ;
#2052 = ORIENTED_EDGE ( 'NONE', *, *, #1318, .T. ) ;
#2053 = DIRECTION ( 'NONE',  ( -1.000000000000000000, -0.000000000000000000, -0.000000000000000000 ) ) ;
#2054 = DIRECTION ( 'NONE',  ( -0.9977753031397177397, 0.000000000000000000, 0.06666666666666670737 ) ) ;
#2055 = CARTESIAN_POINT ( 'NONE',  ( -14.98414956437849810, 20.99999999999999645, 0.8688921958353198471 ) ) ;
#2056 = VECTOR ( 'NONE', #1416, 1000.000000000000000 ) ;
#2057 = VECTOR ( 'NONE', #316, 1000.000000000000000 ) ;
#2058 = CARTESIAN_POINT ( 'NONE',  ( 12.96148139681572076, 4.000000000000000888, 0.000000000000000000 ) ) ;
#2059 = CARTESIAN_POINT ( 'NONE',  ( 4.438929208830530548, 9.464097783899363847, -13.27866923215201567 ) ) ;
#2060 = FACE_OUTER_BOUND ( 'NONE', #1004, .T. ) ;
#2061 = PRODUCT_RELATED_PRODUCT_CATEGORY ( 'detail', '', ( #297 ) ) ;
#2062 = EDGE_LOOP ( 'NONE', ( #1248, #707, #720, #2635 ) ) ;
#2063 = EDGE_CURVE ( 'NONE', #1038, #2079, #893, .T. ) ;
#2064 = DIRECTION ( 'NONE',  ( -8.709682472574126011E-16, 1.000000000000000000, 0.000000000000000000 ) ) ;
#2065 = ORIENTED_EDGE ( 'NONE', *, *, #1885, .T. ) ;
#2066 = ORIENTED_EDGE ( 'NONE', *, *, #1465, .T. ) ;
#2067 = CARTESIAN_POINT ( 'NONE',  ( 15.96440485023548383, 20.00000000000000355, -1.066666666666666652 ) ) ;
#2068 = DIRECTION ( 'NONE',  ( 0.000000000000000000, 0.000000000000000000, -1.000000000000000000 ) ) ;
#2069 = CARTESIAN_POINT ( 'NONE',  ( -14.96662954709576532, 20.00000000000000000, 0.000000000000000000 ) ) ;
#2070 = AXIS2_PLACEMENT_3D ( 'NONE', #258, #1058, #1680 ) ;
#2071 = CARTESIAN_POINT ( 'NONE',  ( 13.60495167288537033, 4.166042308741282341, 1.708079159503891337E-13 ) ) ;
#2072 = CARTESIAN_POINT ( 'NONE',  ( 14.96662954709576532, 21.00000000000000000, 0.9999999999999995559 ) ) ;
#2073 = CARTESIAN_POINT ( 'NONE',  ( 0.000000000000000000, 3.000000000000000000, 0.000000000000000000 ) ) ;
#2074 = ORIENTED_EDGE ( 'NONE', *, *, #1971, .F. ) ;
#2075 = CARTESIAN_POINT ( 'NONE',  ( 9.958591954639384625, 3.000000000000000000, -0.9090909090909090606 ) ) ;
#2076 = VERTEX_POINT ( 'NONE', #331 ) ;
#2077 = EDGE_CURVE ( 'NONE', #2478, #1001, #1423, .T. ) ;
#2078 = APPLICATION_CONTEXT ( 'configuration controlled 3d designs of mechanical parts and assemblies' ) ;
#2079 = VERTEX_POINT ( 'NONE', #2414 ) ;
#2080 = CARTESIAN_POINT ( 'NONE',  ( 16.03567451474546601, 20.00000000000000000, 0.000000000000000000 ) ) ;
#2081 = CIRCLE ( 'NONE', #1739, 1.000000000000000888 ) ;
#2082 = ADVANCED_FACE ( 'NONE', ( #556 ), #345, .T. ) ;
#2083 = CARTESIAN_POINT ( 'NONE',  ( 0.6916794145941027594, 7.414254793661259946, -14.84443886682738345 ) ) ;
#2084 = CYLINDRICAL_SURFACE ( 'NONE', #704, 14.00000000000000000 ) ;
#2085 = LOCAL_TIME ( 21, 36, 31.00000000000000000, #970 ) ;
#2086 = CARTESIAN_POINT ( 'NONE',  ( 12.96148139681572076, 4.000000000000000888, -1.000000000000000000 ) ) ;
#2087 = CYLINDRICAL_SURFACE ( 'NONE', #1484, 16.00000000000000000 ) ;
#2088 = EDGE_CURVE ( 'NONE', #1974, #2079, #2640, .T. ) ;
#2089 = CARTESIAN_POINT ( 'NONE',  ( -15.98259754555795098, 22.00000000000000711, 0.7943833353121100282 ) ) ;
#2090 = AXIS2_PLACEMENT_3D ( 'NONE', #2113, #2695, #9 ) ;
#2091 = EDGE_CURVE ( 'NONE', #536, #459, #373, .T. ) ;
#2092 = ORIENTED_EDGE ( 'NONE', *, *, #1465, .F. ) ;
#2093 = CARTESIAN_POINT ( 'NONE',  ( 4.958315313655195844, 11.83467817236724784, -15.06691283481817045 ) ) ;
#2094 = VERTEX_POINT ( 'NONE', #1997 ) ;
#2095 = DIRECTION ( 'NONE',  ( -0.000000000000000000, -1.000000000000000000, -0.000000000000000000 ) ) ;
#2096 = ORIENTED_EDGE ( 'NONE', *, *, #119, .T. ) ;
#2097 = CARTESIAN_POINT ( 'NONE',  ( -2.209727131548284706, 8.011945797330763952, -14.29573233723720094 ) ) ;
#2098 = DIRECTION ( 'NONE',  ( 1.000000000000000000, 0.000000000000000000, 0.000000000000000000 ) ) ;
#2099 = DIRECTION ( 'NONE',  ( 2.297391680171193602E-15, -1.000000000000000000, 0.000000000000000000 ) ) ;
#2100 = CARTESIAN_POINT ( 'NONE',  ( -10.95445115010332238, 1.000000000000000000, -1.000000000000000000 ) ) ;
#2101 = CARTESIAN_POINT ( 'NONE',  ( -15.98287865773311012, 21.99999999698553665, 0.7901760335253507073 ) ) ;
#2102 = DIRECTION ( 'NONE',  ( 0.000000000000000000, -8.673617379884035472E-16, 1.000000000000000000 ) ) ;
#2103 = ADVANCED_FACE ( 'NONE', ( #1346 ), #141, .T. ) ;
#2104 = CARTESIAN_POINT ( 'NONE',  ( -4.992258348081102248, 12.82795317987133465, -15.10761721007694902 ) ) ;
#2105 = ORIENTED_EDGE ( 'NONE', *, *, #2019, .F. ) ;
#2106 = CARTESIAN_POINT ( 'NONE',  ( 10.95445115010332238, 1.000000000000000888, 0.000000000000000000 ) ) ;
#2107 = ORIENTED_EDGE ( 'NONE', *, *, #730, .F. ) ;
#2108 = CARTESIAN_POINT ( 'NONE',  ( 15.99196608043621026, 21.34664160161383606, -0.5167293325960790051 ) ) ;
#2109 = ORIENTED_EDGE ( 'NONE', *, *, #876, .T. ) ;
#2110 = ORIENTED_EDGE ( 'NONE', *, *, #1373, .T. ) ;
#2111 = DIRECTION ( 'NONE',  ( -1.776356839400250465E-15, 0.000000000000000000, -1.000000000000000000 ) ) ;
#2112 = DIRECTION ( 'NONE',  ( 0.000000000000000000, 0.000000000000000000, 1.000000000000000000 ) ) ;
#2113 = CARTESIAN_POINT ( 'NONE',  ( 5.385164807134506404, 11.38196601125011753, -14.49999999999999822 ) ) ;
#2114 = AXIS2_PLACEMENT_3D ( 'NONE', #2032, #608, #2068 ) ;
#2115 = LINE ( 'NONE', #2363, #1078 ) ;
#2116 = CARTESIAN_POINT ( 'NONE',  ( -14.97888674360975791, 20.44366918058420524, 0.1014136980011941386 ) ) ;
#2117 = CARTESIAN_POINT ( 'NONE',  ( 0.6916806147581774367, 17.58574382810605741, -14.84443754385405256 ) ) ;
#2118 = CARTESIAN_POINT ( 'NONE',  ( -10.95445115010332238, 2.999999999999999112, 0.000000000000000000 ) ) ;
#2119 = ADVANCED_FACE ( 'NONE', ( #2192 ), #1535, .T. ) ;
#2120 = VERTEX_POINT ( 'NONE', #932 ) ;
#2121 = CARTESIAN_POINT ( 'NONE',  ( -13.22373513243159060, 3.012907639154810191, -0.000000000000000000 ) ) ;
#2122 = CARTESIAN_POINT ( 'NONE',  ( 16.00039798686208670, 21.74981743047330340, 0.02441430194342176369 ) ) ;
#2123 = ORIENTED_EDGE ( 'NONE', *, *, #346, .T. ) ;
#2124 = ORIENTED_EDGE ( 'NONE', *, *, #1564, .F. ) ;
#2125 = CARTESIAN_POINT ( 'NONE',  ( 15.00039461760919934, 20.86799827711472588, 0.4991419399227433051 ) ) ;
#2126 = CYLINDRICAL_SURFACE ( 'NONE', #2070, 1.000000000000000000 ) ;
#2127 = DIRECTION ( 'NONE',  ( -0.9977753031397177397, 0.000000000000000000, 0.06666666666666659635 ) ) ;
#2128 = EDGE_CURVE ( 'NONE', #822, #1085, #1842, .T. ) ;
#2129 = CIRCLE ( 'NONE', #433, 1.000000000000000888 ) ;
#2130 = CARTESIAN_POINT ( 'NONE',  ( 15.00195724897851335, 20.87418918646153188, 0.4970241447149854053 ) ) ;
#2131 = CARTESIAN_POINT ( 'NONE',  ( -16.03567451426373580, 20.12140394176718772, 4.765312995390607673E-09 ) ) ;
#2132 = CARTESIAN_POINT ( 'NONE',  ( -15.97812051113018939, 20.91010088691694691, -0.8383502667241540252 ) ) ;
#2133 = EDGE_CURVE ( 'NONE', #106, #45, #1593, .T. ) ;
#2134 = B_SPLINE_CURVE_WITH_KNOTS ( 'NONE', 3,
 ( #245, #644, #2301, #444, #1101, #429, #1907, #38, #887, #2493 ),
 .UNSPECIFIED., .F., .F.,
 ( 4, 2, 2, 2, 4 ),
 ( 0.000000000000000000, 0.0005767960258053696394, 0.001153592051610739279, 0.001730388077416108918, 0.002307184103221478558 ),
 .UNSPECIFIED. ) ;
#2135 = CARTESIAN_POINT ( 'NONE',  ( -0.8239597992693179496, 7.568358260255712011, -15.00000000000000000 ) ) ;
#2136 = DIRECTION ( 'NONE',  ( -0.000000000000000000, -1.000000000000000000, -0.000000000000000000 ) ) ;
#2137 = ORIENTED_EDGE ( 'NONE', *, *, #2228, .F. ) ;
#2138 = EDGE_LOOP ( 'NONE', ( #1516, #2515, #2165, #1674, #2330, #2416 ) ) ;
#2139 = CARTESIAN_POINT ( 'NONE',  ( -4.576309421789056309, 10.47940044459744691, -13.59832233915986244 ) ) ;
#2140 = CARTESIAN_POINT ( 'NONE',  ( 4.791726280530718363, 13.95812683782074615, -13.50859317103109625 ) ) ;
#2141 = FACE_OUTER_BOUND ( 'NONE', #1011, .T. ) ;
#2142 = CARTESIAN_POINT ( 'NONE',  ( -4.969135499839485881, 13.14098009623978136, -13.43047311810288136 ) ) ;
#2143 = DIRECTION ( 'NONE',  ( 0.000000000000000000, 1.000000000000000000, -0.000000000000000000 ) ) ;
#2144 = CARTESIAN_POINT ( 'NONE',  ( 0.000000000000000000, 0.000000000000000000, 0.000000000000000000 ) ) ;
#2145 = CARTESIAN_POINT ( 'NONE',  ( -4.956417919312320564, 13.18033525073690981, -14.49588515763649887 ) ) ;
#2146 = AXIS2_PLACEMENT_3D ( 'NONE', #374, #1227, #1849 ) ;
#2147 = CARTESIAN_POINT ( 'NONE',  ( -4.122146687232052464, 9.015565790888985021, -13.38145435203412603 ) ) ;
#2148 = CARTESIAN_POINT ( 'NONE',  ( 1.145016689238835594, 17.88116311793153912, -13.95680381002518367 ) ) ;
#2149 = ORIENTED_EDGE ( 'NONE', *, *, #2556, .F. ) ;
#2150 = AXIS2_PLACEMENT_3D ( 'NONE', #584, #2247, #382 ) ;
#2151 = ORIENTED_EDGE ( 'NONE', *, *, #487, .F. ) ;
#2152 = CARTESIAN_POINT ( 'NONE',  ( -4.281945404427579760, 9.913535089235661957, -13.71402484547894218 ) ) ;
#2153 = FACE_OUTER_BOUND ( 'NONE', #2062, .T. ) ;
#2154 = DIRECTION ( 'NONE',  ( -0.000000000000000000, -1.000000000000000000, -0.000000000000000000 ) ) ;
#2155 = CARTESIAN_POINT ( 'NONE',  ( -3.823378501286225806, 15.73742938169176497, -13.87891278432699593 ) ) ;
#2156 = AXIS2_PLACEMENT_3D ( 'NONE', #877, #1568, #1106 ) ;
#2157 = CARTESIAN_POINT ( 'NONE',  ( 10.95445115010332238, 3.000000000000000000, -1.000000000000000000 ) ) ;
#2158 = DIRECTION ( 'NONE',  ( 1.000000000000000000, 0.000000000000000000, 0.000000000000000000 ) ) ;
#2159 = FACE_OUTER_BOUND ( 'NONE', #1604, .T. ) ;
#2160 = ORIENTED_EDGE ( 'NONE', *, *, #1644, .T. ) ;
#2161 = DIRECTION ( 'NONE',  ( 0.000000000000000000, -1.000000000000000000, 0.000000000000000000 ) ) ;
#2162 = DIRECTION ( 'NONE',  ( 0.000000000000000000, 0.000000000000000000, 1.000000000000000000 ) ) ;
#2163 = AXIS2_PLACEMENT_3D ( 'NONE', #658, #2112, #500 ) ;
#2164 = DIRECTION ( 'NONE',  ( -0.000000000000000000, -1.000000000000000000, -0.000000000000000000 ) ) ;
#2165 = ORIENTED_EDGE ( 'NONE', *, *, #2023, .T. ) ;
#2166 = CARTESIAN_POINT ( 'NONE',  ( -3.344348500753520081, 8.213658856086999194, -13.59757032222122675 ) ) ;
#2167 = ADVANCED_FACE ( 'NONE', ( #1792 ), #1985, .F. ) ;
#2168 = DIRECTION ( 'NONE',  ( -0.000000000000000000, -0.000000000000000000, 1.000000000000000000 ) ) ;
#2169 = FACE_OUTER_BOUND ( 'NONE', #130, .T. ) ;
#2170 = CARTESIAN_POINT ( 'NONE',  ( -3.381492901333743362, 16.18655191960480977, -14.01545196684983097 ) ) ;
#2171 = DIRECTION ( 'NONE',  ( 0.000000000000000000, 0.000000000000000000, -1.000000000000000000 ) ) ;
#2172 = DIRECTION ( 'NONE',  ( 0.000000000000000000, 0.000000000000000000, 1.000000000000000000 ) ) ;
#2173 = DIRECTION ( 'NONE',  ( 1.000000000000000000, 0.000000000000000000, 0.000000000000000000 ) ) ;
#2174 = CARTESIAN_POINT ( 'NONE',  ( -15.99193590645511875, 21.34569973306283686, -0.5176247569212145683 ) ) ;
#2175 = VECTOR ( 'NONE', #2459, 1000.000000000000000 ) ;
#2176 = ORIENTED_EDGE ( 'NONE', *, *, #1726, .T. ) ;
#2177 = ADVANCED_FACE ( 'NONE', ( #1120 ), #419, .T. ) ;
#2178 = PLANE ( 'NONE',  #2687 ) ;
#2179 = DIRECTION ( 'NONE',  ( -0.000000000000000000, -0.000000000000000000, 1.000000000000000000 ) ) ;
#2180 = TOROIDAL_SURFACE ( 'NONE', #2653, 15.00000000000000000, 1.000000000000000000 ) ;
#2181 = FACE_OUTER_BOUND ( 'NONE', #1065, .T. ) ;
#2182 = ORIENTED_EDGE ( 'NONE', *, *, #1453, .T. ) ;
#2183 = CIRCLE ( 'NONE', #2304, 10.00000000000000000 ) ;
#2184 = TOROIDAL_SURFACE ( 'NONE', #999, 2.000000000000000000, 1.000000000000000000 ) ;
#2185 = EDGE_CURVE ( 'NONE', #922, #2608, #667, .T. ) ;
#2186 = CARTESIAN_POINT ( 'NONE',  ( 1.954886998087613792, 17.11130729779765147, -14.34292321109775514 ) ) ;
#2187 = DIRECTION ( 'NONE',  ( 0.000000000000000000, 0.000000000000000000, 1.000000000000000000 ) ) ;
#2188 = AXIS2_PLACEMENT_3D ( 'NONE', #2389, #333, #941 ) ;
#2189 = CARTESIAN_POINT ( 'NONE',  ( -5.268648311853718624, 11.78958461746552189, -12.97080057659622199 ) ) ;
#2190 = ORIENTED_EDGE ( 'NONE', *, *, #2697, .T. ) ;
#2191 = CARTESIAN_POINT ( 'NONE',  ( -10.95445115010332238, 1.000000000000000000, -1.000000000000000000 ) ) ;
#2192 = FACE_OUTER_BOUND ( 'NONE', #2326, .T. ) ;
#2193 = DIRECTION ( 'NONE',  ( -0.000000000000000000, -1.000000000000000000, 0.000000000000000000 ) ) ;
#2194 = ORIENTED_EDGE ( 'NONE', *, *, #1173, .F. ) ;
#2195 = CARTESIAN_POINT ( 'NONE',  ( -12.96148139681572076, 4.000000000000000000, -0.9999999999999997780 ) ) ;
#2196 = CARTESIAN_POINT ( 'NONE',  ( -3.419535169919005302, 16.72223906472684973, -13.57879183736421957 ) ) ;
#2197 = CARTESIAN_POINT ( 'NONE',  ( 14.96662954709576532, 25.00000000000000000, -1.000000000000000000 ) ) ;
#2198 = ORIENTED_EDGE ( 'NONE', *, *, #1064, .T. ) ;
#2199 = AXIS2_PLACEMENT_3D ( 'NONE', #1825, #2458, #1005 ) ;
#2200 = DIRECTION ( 'NONE',  ( -0.000000000000000000, 1.000000000000000000, -0.000000000000000000 ) ) ;
#2201 = AXIS2_PLACEMENT_3D ( 'NONE', #957, #2362, #324 ) ;
#2202 = CARTESIAN_POINT ( 'NONE',  ( -5.000014927917109553, 12.82218003152173758, -13.41640113311752458 ) ) ;
#2203 = ORIENTED_EDGE ( 'NONE', *, *, #1620, .T. ) ;
#2204 = DIRECTION ( 'NONE',  ( 0.000000000000000000, 0.000000000000000000, 1.000000000000000000 ) ) ;
#2205 = CARTESIAN_POINT ( 'NONE',  ( -12.96148139681572076, 4.000000000000000888, -1.000000000000000000 ) ) ;
#2206 = APPLICATION_PROTOCOL_DEFINITION ( 'international standard', 'config_control_design', 1994, #1758 ) ;
#2207 = CARTESIAN_POINT ( 'NONE',  ( 4.992955581322469527, 12.80542643989363860, -13.41959188105612810 ) ) ;
#2208 = ORIENTED_EDGE ( 'NONE', *, *, #1185, .T. ) ;
#2209 = CARTESIAN_POINT ( 'NONE',  ( 0.000000000000000000, 12.50000000000000000, -14.49999999999999822 ) ) ;
#2210 = CARTESIAN_POINT ( 'NONE',  ( 1.854462682557250552, 7.846780015208896231, -14.35931847739732881 ) ) ;
#2211 = DIRECTION ( 'NONE',  ( 0.000000000000000000, 0.000000000000000000, -1.000000000000000000 ) ) ;
#2212 = CARTESIAN_POINT ( 'NONE',  ( 0.000000000000000000, 4.000000000000000000, -13.00000000000000178 ) ) ;
#2213 = ORIENTED_EDGE ( 'NONE', *, *, #1287, .T. ) ;
#2214 = CARTESIAN_POINT ( 'NONE',  ( 5.744175794276808134, 25.00000000000000000, -14.93333333333333535 ) ) ;
#2215 = DIRECTION ( 'NONE',  ( 0.9958591954639384181, 0.000000000000000000, -0.09090909090909092549 ) ) ;
#2216 = EDGE_CURVE ( 'NONE', #266, #668, #269, .T. ) ;
#2217 = CARTESIAN_POINT ( 'NONE',  ( 0.000000000000000000, 12.50000000000000000, -14.49999999999999822 ) ) ;
#2218 = DIRECTION ( 'NONE',  ( -1.000000000000000000, 0.000000000000000000, 0.000000000000000000 ) ) ;
#2219 = DATE_AND_TIME ( #306, #911 ) ;
#2220 = CARTESIAN_POINT ( 'NONE',  ( 4.999943703299459585, 12.65692569608509999, -13.08101916099793094 ) ) ;
#2221 = CARTESIAN_POINT ( 'NONE',  ( 14.96662954709576532, 21.00000000000000000, -1.000000000000000000 ) ) ;
#2222 = CARTESIAN_POINT ( 'NONE',  ( 3.962136193188362743, 9.435939768952193774, -13.83127992230885717 ) ) ;
#2223 = TOROIDAL_SURFACE ( 'NONE', #577, 2.000000000000000000, 1.000000000000000000 ) ;
#2224 = DIRECTION ( 'NONE',  ( -0.000000000000000000, 1.000000000000000000, -0.000000000000000000 ) ) ;
#2225 = ORIENTED_EDGE ( 'NONE', *, *, #2185, .F. ) ;
#2226 = DIRECTION ( 'NONE',  ( 0.000000000000000000, 0.000000000000000000, -1.000000000000000000 ) ) ;
#2227 = CIRCLE ( 'NONE', #913, 1.000000000000000888 ) ;
#2228 = EDGE_CURVE ( 'NONE', #1096, #1332, #204, .T. ) ;
#2229 = CARTESIAN_POINT ( 'NONE',  ( -0.5251028128925999683, 17.48279044847712882, -14.49282392384737683 ) ) ;
#2230 = CARTESIAN_POINT ( 'NONE',  ( 14.96662954709576532, 20.00000000000000000, 0.000000000000000000 ) ) ;
#2231 = CARTESIAN_POINT ( 'NONE',  ( 13.48626733823827273, 4.107202114972904106, -0.9626214023508146145 ) ) ;
#2232 = PERSON_AND_ORGANIZATION ( #602, #2350 ) ;
#2233 = EDGE_CURVE ( 'NONE', #2314, #311, #785, .T. ) ;
#2234 = VERTEX_POINT ( 'NONE', #796 ) ;
#2235 = CARTESIAN_POINT ( 'NONE',  ( -13.57873082196925196, 4.198751506544135204, -0.9568731270008535850 ) ) ;
#2236 = CARTESIAN_POINT ( 'NONE',  ( 0.9880811376388435319, 7.589465706709834336, -14.46289626833235431 ) ) ;
#2237 = CARTESIAN_POINT ( 'NONE',  ( 5.385164807134506404, 24.00000000000000000, -13.99999999999999822 ) ) ;
#2238 = CARTESIAN_POINT ( 'NONE',  ( 5.385164807134506404, 13.61803398874988424, -15.00000000000000000 ) ) ;
#2239 = CARTESIAN_POINT ( 'NONE',  ( 0.000000000000000000, 1.000000000000000000, 0.000000000000000000 ) ) ;
#2240 = ORIENTED_EDGE ( 'NONE', *, *, #1208, .T. ) ;
#2241 = CARTESIAN_POINT ( 'NONE',  ( 13.96885424395604147, 4.867277939573980028, -0.9333333333333331261 ) ) ;
#2242 = EDGE_CURVE ( 'NONE', #311, #136, #736, .T. ) ;
#2243 = VECTOR ( 'NONE', #950, 1000.000000000000000 ) ;
#2244 = CARTESIAN_POINT ( 'NONE',  ( 13.83563729380910345, 4.498464112353267375, -0.9411093060954638378 ) ) ;
#2245 = CARTESIAN_POINT ( 'NONE',  ( 2.828007760659974057, 8.364863737003757294, -13.71585128554264443 ) ) ;
#2246 = ORIENTED_EDGE ( 'NONE', *, *, #2572, .T. ) ;
#2247 = DIRECTION ( 'NONE',  ( 0.9333333333333333481, 0.000000000000000000, 0.3590109871423004528 ) ) ;
#2248 = ORIENTED_EDGE ( 'NONE', *, *, #768, .F. ) ;
#2249 = CARTESIAN_POINT ( 'NONE',  ( -0.2029812065943612243, 17.49587816402378948, -14.49828080642740957 ) ) ;
#2250 = CYLINDRICAL_SURFACE ( 'NONE', #2433, 1.000000000000000000 ) ;
#2251 = CARTESIAN_POINT ( 'NONE',  ( 13.96885424395604680, 5.000000000000000888, -0.9333333333333333481 ) ) ;
#2252 = ORIENTED_EDGE ( 'NONE', *, *, #2128, .F. ) ;
#2253 = CYLINDRICAL_SURFACE ( 'NONE', #2474, 1.000000000000000000 ) ;
#2254 = FACE_OUTER_BOUND ( 'NONE', #2534, .T. ) ;
#2255 = CIRCLE ( 'NONE', #1783, 5.500000000000000000 ) ;
#2256 = ORIENTED_EDGE ( 'NONE', *, *, #1079, .T. ) ;
#2257 = CARTESIAN_POINT ( 'NONE',  ( 4.930413775366246476, 13.34873023703646844, -14.49999998610245910 ) ) ;
#2258 = ORIENTED_EDGE ( 'NONE', *, *, #442, .T. ) ;
#2259 = CARTESIAN_POINT ( 'NONE',  ( 13.96885424395604680, 5.000000000000000888, -0.9333333333333333481 ) ) ;
#2260 =( BOUNDED_SURFACE ( )  B_SPLINE_SURFACE ( 3, 2, ( 
 ( #2238, #1002, #966 ),
 ( #2018, #2267, #2257 ),
 ( #1835, #1177, #1225 ),
 ( #137, #1814, #802 ),
 ( #1639, #2434, #572 ),
 ( #1403, #2646, #780 ),
 ( #2446, #372, #1900 ),
 ( #1886, #2093, #2281 ),
 ( #1293, #1279, #652 ),
 ( #16, #421, #46 ) ),
 .UNSPECIFIED., .F., .F., .F. ) 
 B_SPLINE_SURFACE_WITH_KNOTS ( ( 4, 2, 2, 2, 4 ),
 ( 3, 3 ),
 ( 0.000000000000000000, 0.0005626903071526505578, 0.001125380614305301116, 0.001688070921457951673, 0.002250761228610602231 ),
 ( 0.000000000000000000, 1.000000000000000000 ),
 .UNSPECIFIED. ) 
 GEOMETRIC_REPRESENTATION_ITEM ( )  RATIONAL_B_SPLINE_SURFACE ( (
 ( 1.000000000000000000, 0.7071067811865475727, 1.000000000000000000),
 ( 1.000000000000000000, 0.6805884066007171773, 1.000000000000000000),
 ( 1.000000000000000000, 0.6587353074693734767, 1.000000000000000000),
 ( 1.000000000000000000, 0.6286773235301966745, 1.000000000000000000),
 ( 1.000000000000000000, 0.6205834459700443340, 1.000000000000000000),
 ( 1.000000000000000000, 0.6206497088301208276, 1.000000000000000000),
 ( 1.000000000000000000, 0.6287504115689860340, 1.000000000000000000),
 ( 1.000000000000000000, 0.6587715957403851297, 1.000000000000000000),
 ( 1.000000000000000000, 0.6805906984265248649, 1.000000000000000000),
 ( 1.000000000000000000, 0.7071067811865483499, 1.000000000000000000) ) ) 
 REPRESENTATION_ITEM ( '' )  SURFACE ( )  );
#2261 = DIRECTION ( 'NONE',  ( 1.000000000000000000, 0.000000000000000000, 0.000000000000000000 ) ) ;
#2262 = CARTESIAN_POINT ( 'NONE',  ( -0.5332212341242715814, 7.251395684732719005, -14.02617725477118427 ) ) ;
#2263 = CARTESIAN_POINT ( 'NONE',  ( 14.91429247887161402, 4.475535094855967344, 0.000000000000000000 ) ) ;
#2264 = DIRECTION ( 'NONE',  ( 0.000000000000000000, 1.000000000000000000, 0.000000000000000000 ) ) ;
#2265 = EDGE_CURVE ( 'NONE', #1762, #1051, #2129, .T. ) ;
#2266 = ORIENTED_EDGE ( 'NONE', *, *, #2063, .T. ) ;
#2267 = CARTESIAN_POINT ( 'NONE',  ( 4.933426854504264547, 13.33421730973884500, -15.03896492463749723 ) ) ;
#2268 = ORIENTED_EDGE ( 'NONE', *, *, #574, .T. ) ;
#2269 = ORIENTED_EDGE ( 'NONE', *, *, #980, .F. ) ;
#2270 = CARTESIAN_POINT ( 'NONE',  ( 14.98166525058532450, 20.50299247735696184, 0.1259409483296864973 ) ) ;
#2271 = DIRECTION ( 'NONE',  ( -1.000000000000000000, 0.000000000000000000, 0.000000000000000000 ) ) ;
#2272 = CARTESIAN_POINT ( 'NONE',  ( -14.96662954709576709, 5.000000000000000888, 0.000000000000000000 ) ) ;
#2273 = AXIS2_PLACEMENT_3D ( 'NONE', #139, #1404, #1801 ) ;
#2274 = AXIS2_PLACEMENT_3D ( 'NONE', #2622, #510, #479 ) ;
#2275 = CARTESIAN_POINT ( 'NONE',  ( 14.55542469920853854, 3.779400270439123410, 0.000000000000000000 ) ) ;
#2276 = LINE ( 'NONE', #2016, #1137 ) ;
#2277 = CARTESIAN_POINT ( 'NONE',  ( 4.869939935622782379, 11.32923265021024761, -13.47431081392103813 ) ) ;
#2278 = EDGE_CURVE ( 'NONE', #1111, #2234, #2255, .T. ) ;
#2279 = ORIENTED_EDGE ( 'NONE', *, *, #391, .F. ) ;
#2280 = AXIS2_PLACEMENT_3D ( 'NONE', #1947, #2577, #525 ) ;
#2281 = CARTESIAN_POINT ( 'NONE',  ( 4.956417919312318787, 11.81966474926309907, -14.49588515763633545 ) ) ;
#2282 = ORIENTED_EDGE ( 'NONE', *, *, #1979, .T. ) ;
#2283 = CARTESIAN_POINT ( 'NONE',  ( 14.70171224190695369, 3.997754182511933596, -0.000000000000000000 ) ) ;
#2284 = ORIENTED_EDGE ( 'NONE', *, *, #1340, .F. ) ;
#2285 = CARTESIAN_POINT ( 'NONE',  ( 16.00729186742776378, 20.78827656919680678, 0.3804621321513663723 ) ) ;
#2286 = DIRECTION ( 'NONE',  ( -8.709682472574126011E-16, 1.000000000000000000, -0.000000000000000000 ) ) ;
#2287 = DIRECTION ( 'NONE',  ( 0.000000000000000000, 1.000000000000000000, 0.000000000000000000 ) ) ;
#2288 = EDGE_CURVE ( 'NONE', #1350, #512, #2081, .T. ) ;
#2289 = AXIS2_PLACEMENT_3D ( 'NONE', #2553, #2098, #2300 ) ;
#2290 = CARTESIAN_POINT ( 'NONE',  ( 14.70124337224002886, 3.996928223952510351, 0.000000000000000000 ) ) ;
#2291 = CARTESIAN_POINT ( 'NONE',  ( 1.145064834603077619, 7.118844714011598462, -13.95680097154459176 ) ) ;
#2292 = DIRECTION ( 'NONE',  ( 1.000000000000000000, 0.000000000000000000, 0.000000000000000000 ) ) ;
#2293 = ORIENTED_EDGE ( 'NONE', *, *, #2063, .F. ) ;
#2294 = CARTESIAN_POINT ( 'NONE',  ( -14.71271136063955254, 3.991477173108339382, -0.000000000000000000 ) ) ;
#2295 = ORIENTED_EDGE ( 'NONE', *, *, #2091, .F. ) ;
#2296 = LINE ( 'NONE', #882, #2642 ) ;
#2297 = ORIENTED_EDGE ( 'NONE', *, *, #2521, .T. ) ;
#2298 = DIRECTION ( 'NONE',  ( 2.297391680171193602E-15, -1.000000000000000000, 0.000000000000000000 ) ) ;
#2299 = CIRCLE ( 'NONE', #953, 1.000000000000000000 ) ;
#2300 = DIRECTION ( 'NONE',  ( 0.000000000000000000, 0.000000000000000000, 1.000000000000000000 ) ) ;
#2301 = CARTESIAN_POINT ( 'NONE',  ( 5.517069800907045796, 11.74427499618439619, -14.99205428037728893 ) ) ;
#2302 = ADVANCED_FACE ( 'NONE', ( #179 ), #1303, .T. ) ;
#2303 = CARTESIAN_POINT ( 'NONE',  ( 14.96662954709576709, 25.00000000000000000, 0.000000000000000000 ) ) ;
#2304 = AXIS2_PLACEMENT_3D ( 'NONE', #1881, #1854, #2496 ) ;
#2305 = CARTESIAN_POINT ( 'NONE',  ( -16.00206158873929496, 21.74842394506710619, -0.005820876512982009303 ) ) ;
#2306 = AXIS2_PLACEMENT_3D ( 'NONE', #2073, #847, #451 ) ;
#2307 = EDGE_CURVE ( 'NONE', #696, #2094, #308, .T. ) ;
#2308 = AXIS2_PLACEMENT_3D ( 'NONE', #1749, #1324, #756 ) ;
#2309 = CARTESIAN_POINT ( 'NONE',  ( 14.96662954709576532, 1.000000000000000888, 0.000000000000000000 ) ) ;
#2310 = VERTEX_POINT ( 'NONE', #1655 ) ;
#2311 = CARTESIAN_POINT ( 'NONE',  ( -14.91328976071129020, 4.472763968190387018, 0.000000000000000000 ) ) ;
#2312 = VERTEX_POINT ( 'NONE', #618 ) ;
#2313 = DIRECTION ( 'NONE',  ( 0.000000000000000000, 0.000000000000000000, -1.000000000000000000 ) ) ;
#2314 = VERTEX_POINT ( 'NONE', #1449 ) ;
#2315 = ORIENTED_EDGE ( 'NONE', *, *, #1991, .T. ) ;
#2316 = CARTESIAN_POINT ( 'NONE',  ( 14.96662954709576532, 20.00000000000000355, 0.000000000000000000 ) ) ;
#2317 = CARTESIAN_POINT ( 'NONE',  ( 0.8239597992693179496, 7.568358260255712011, -14.49999999999999822 ) ) ;
#2318 = DIRECTION ( 'NONE',  ( 0.000000000000000000, 1.000000000000000000, -0.000000000000000000 ) ) ;
#2319 = EDGE_CURVE ( 'NONE', #199, #1983, #2002, .T. ) ;
#2320 = CARTESIAN_POINT ( 'NONE',  ( -15.96440485023548383, 25.00000000000000000, -1.066666666666666874 ) ) ;
#2321 = CARTESIAN_POINT ( 'NONE',  ( -16.02744797584909975, 20.42102603876723421, 0.09040551529908683048 ) ) ;
#2322 = CARTESIAN_POINT ( 'NONE',  ( 0.8239597992693179496, 7.568358260255712011, -14.47164535225755166 ) ) ;
#2323 = B_SPLINE_CURVE_WITH_KNOTS ( 'NONE', 3,
 ( #1631, #1847, #1190, #811, #1605, #2466, #594, #1433 ),
 .UNSPECIFIED., .F., .F.,
 ( 4, 2, 2, 4 ),
 ( -4.476033288229051740E-06, 0.0004888393119809771037, 0.0007354969846155789363, 0.0009821546572501809857 ),
 .UNSPECIFIED. ) ;
#2324 = AXIS2_PLACEMENT_3D ( 'NONE', #2157, #126, #2172 ) ;
#2325 = CARTESIAN_POINT ( 'NONE',  ( -5.000036506081503518, 12.33023843371717554, -14.48662475877444500 ) ) ;
#2326 = EDGE_LOOP ( 'NONE', ( #2293, #1069, #1023, #2669, #31, #1296 ) ) ;
#2327 = ADVANCED_FACE ( 'NONE', ( #903 ), #2590, .T. ) ;
#2328 = CARTESIAN_POINT ( 'NONE',  ( -0.8233496721738829960, 17.43174363864659782, -14.47168736996383487 ) ) ;
#2329 = CARTESIAN_POINT ( 'NONE',  ( 15.98072344042543413, 21.98789885413106759, 0.7962797680776693143 ) ) ;
#2330 = ORIENTED_EDGE ( 'NONE', *, *, #1495, .T. ) ;
#2331 = VERTEX_POINT ( 'NONE', #923 ) ;
#2332 = CARTESIAN_POINT ( 'NONE',  ( 15.98844661883081919, 21.22925798214635762, -0.6390181486604414873 ) ) ;
#2333 = CARTESIAN_POINT ( 'NONE',  ( 0.8239597992693180606, 7.568358260255712011, -14.58368621599374038 ) ) ;
#2334 = DIRECTION ( 'NONE',  ( -1.000000000000000000, -2.297391680171193602E-15, 0.000000000000000000 ) ) ;
#2335 = EDGE_CURVE ( 'NONE', #266, #668, #694, .T. ) ;
#2336 = LINE ( 'NONE', #2320, #2443 ) ;
#2337 = CARTESIAN_POINT ( 'NONE',  ( -15.99935141386738380, 21.59939655030546035, -0.2441088021968517430 ) ) ;
#2338 = CARTESIAN_POINT ( 'NONE',  ( 1.851801284557618610, 17.15402253610916006, -14.35964131984206027 ) ) ;
#2339 = CARTESIAN_POINT ( 'NONE',  ( -2.971265872521008156, 16.53193918642152838, -14.12912655424554664 ) ) ;
#2340 = CARTESIAN_POINT ( 'NONE',  ( -3.669320323802818695, 16.49049506474016624, -13.51261164853530516 ) ) ;
#2341 = CARTESIAN_POINT ( 'NONE',  ( -5.385164807134506404, 25.00000000000000000, -13.99999999999999822 ) ) ;
#2342 = VERTEX_POINT ( 'NONE', #2309 ) ;
#2343 = ORIENTED_EDGE ( 'NONE', *, *, #768, .T. ) ;
#2344 = CARTESIAN_POINT ( 'NONE',  ( -3.979720653807838460, 9.455066313721655291, -13.42728025712157880 ) ) ;
#2345 = CARTESIAN_POINT ( 'NONE',  ( -0.8239597992693179496, 17.43164173974428977, -14.49999999999999822 ) ) ;
#2346 = CARTESIAN_POINT ( 'NONE',  ( 0.000000000000000000, 20.00000000000000000, 0.000000000000000000 ) ) ;
#2347 = AXIS2_PLACEMENT_3D ( 'NONE', #263, #2161, #878 ) ;
#2348 = CARTESIAN_POINT ( 'NONE',  ( 14.96662954709576532, 21.00000000000000000, 1.000000000000000000 ) ) ;
#2349 = CARTESIAN_POINT ( 'NONE',  ( -0.3127887717083069341, 7.009549194423339458, -13.99650539185739895 ) ) ;
#2350 = ORGANIZATION ( 'UNSPECIFIED', 'UNSPECIFIED', '' ) ;
#2351 = AXIS2_PLACEMENT_3D ( 'NONE', #1313, #1938, #1562 ) ;
#2352 = FACE_OUTER_BOUND ( 'NONE', #1704, .T. ) ;
#2353 = EDGE_CURVE ( 'NONE', #407, #2076, #2299, .T. ) ;
#2354 = CARTESIAN_POINT ( 'NONE',  ( -5.270836356580312021, 11.80849368308551384, -12.96991029083736180 ) ) ;
#2355 = CARTESIAN_POINT ( 'NONE',  ( 4.257957725899379042, 15.80223650698957982, -13.33842028167064164 ) ) ;
#2356 = ORIENTED_EDGE ( 'NONE', *, *, #1632, .F. ) ;
#2357 = VERTEX_POINT ( 'NONE', #2118 ) ;
#2358 = CARTESIAN_POINT ( 'NONE',  ( -3.777486308111896118, 9.208032042670108552, -13.48605580724065334 ) ) ;
#2359 = CARTESIAN_POINT ( 'NONE',  ( 5.000000000000000000, 12.49999999998615507, -13.41640786499873705 ) ) ;
#2360 = DIRECTION ( 'NONE',  ( 0.000000000000000000, 1.000000000000000000, -0.000000000000000000 ) ) ;
#2361 = CARTESIAN_POINT ( 'NONE',  ( -2.625972886050039090, 16.76672505706125449, -14.21237168830946374 ) ) ;
#2362 = DIRECTION ( 'NONE',  ( -0.000000000000000000, -1.000000000000000000, -0.000000000000000000 ) ) ;
#2363 = CARTESIAN_POINT ( 'NONE',  ( 0.000000000000000000, 0.000000000000000000, -13.99999999999999822 ) ) ;
#2364 = CARTESIAN_POINT ( 'NONE',  ( -15.99975191616397119, 21.61745457430315653, -0.2184864338859229815 ) ) ;
#2365 = ORIENTED_EDGE ( 'NONE', *, *, #1273, .T. ) ;
#2366 = LINE ( 'NONE', #28, #1176 ) ;
#2367 = B_SPLINE_CURVE_WITH_KNOTS ( 'NONE', 3,
 ( #2317, #2333, #1518, #2540, #2083, #1892, #855, #1733 ),
 .UNSPECIFIED., .F., .F.,
 ( 4, 2, 2, 4 ),
 ( 0.000000000000000000, 0.0002463674629079251480, 0.0004927349258158502960, 0.0009854698516317005920 ),
 .UNSPECIFIED. ) ;
#2368 = ADVANCED_FACE ( 'NONE', ( #509 ), #90, .F. ) ;
#2369 = CARTESIAN_POINT ( 'NONE',  ( -4.822112440827035940, 14.82881434275691745, -13.14396615269402524 ) ) ;
#2370 = ADVANCED_FACE ( 'NONE', ( #2352 ), #1072, .T. ) ;
#2371 = FACE_OUTER_BOUND ( 'NONE', #671, .T. ) ;
#2372 = VERTEX_POINT ( 'NONE', #1063 ) ;
#2373 = CIRCLE ( 'NONE', #1718, 15.00000000000000000 ) ;
#2374 = CARTESIAN_POINT ( 'NONE',  ( -2.696522690899285646, 8.285764952057808941, -13.74063331217067407 ) ) ;
#2375 = CARTESIAN_POINT ( 'NONE',  ( 0.000000000000000000, 22.00000000000000355, 0.000000000000000000 ) ) ;
#2376 = CARTESIAN_POINT ( 'NONE',  ( -3.077489491762381846, 16.44474703091337986, -13.66072204399102041 ) ) ;
#2377 = AXIS2_PLACEMENT_3D ( 'NONE', #2197, #2164, #93 ) ;
#2378 = EDGE_CURVE ( 'NONE', #1974, #1209, #2366, .T. ) ;
#2379 = CARTESIAN_POINT ( 'NONE',  ( -5.385164807134506404, 24.00000000000000000, -15.00000000000000000 ) ) ;
#2380 = CARTESIAN_POINT ( 'NONE',  ( -14.91394252682799682, 4.475057678688076024, 0.000000000000000000 ) ) ;
#2381 = PERSON_AND_ORGANIZATION ( #602, #2350 ) ;
#2382 = EDGE_CURVE ( 'NONE', #1958, #2094, #2390, .T. ) ;
#2383 = DIRECTION ( 'NONE',  ( 0.9977753031397177397, 0.000000000000000000, -0.06666666666666681840 ) ) ;
#2384 = EDGE_LOOP ( 'NONE', ( #1948, #1890, #236, #2149 ) ) ;
#2385 = CARTESIAN_POINT ( 'NONE',  ( -4.869779370442584465, 13.67143473083384642, -13.47438124529207393 ) ) ;
#2386 = SPHERICAL_SURFACE ( 'NONE', #2027, 1.000000000000000000 ) ;
#2387 = EDGE_LOOP ( 'NONE', ( #2065, #214, #1640 ) ) ;
#2388 = FACE_OUTER_BOUND ( 'NONE', #1434, .T. ) ;
#2389 = CARTESIAN_POINT ( 'NONE',  ( 0.000000000000000000, 12.50000000000000000, -15.00000000000000000 ) ) ;
#2390 = B_SPLINE_CURVE_WITH_KNOTS ( 'NONE', 3,
 ( #1291, #860, #1699, #2531, #249, #1512, #2339, #2014, #370, #1369, #2429, #974, #1385, #2441, #2385, #2650, #566, #1195, #1145, #143, #962, #2025, #356, #1809, #342, #552, #735, #131, #578, #1398, #1796, #2605, #1171, #1570 ),
 .UNSPECIFIED., .F., .F.,
 ( 4, 2, 2, 2, 2, 2, 2, 2, 2, 2, 2, 2, 2, 2, 2, 2, 4 ),
 ( -6.178442095368452474E-07, 0.0008941554479472708494, 0.001788928740104078676, 0.002683702032260886286, 0.003578475324417693896, 0.004473248616574501506, 0.005368021908731309549, 0.006262795200888116726, 0.007157568493044924769, 0.008052341785201732813, 0.008947115077358539989, 0.009841888369515347165, 0.01073666166167215608, 0.01163143495382896325, 0.01252620824598577043, 0.01342098153814257934, 0.01431575483029938652 ),
 .UNSPECIFIED. ) ;
#2391 = CARTESIAN_POINT ( 'NONE',  ( -3.713068420648907075, 16.43583031216520496, -13.49917165275955888 ) ) ;
#2392 = DIRECTION ( 'NONE',  ( 1.000000000000000000, 0.000000000000000000, 0.000000000000000000 ) ) ;
#2393 = CARTESIAN_POINT ( 'NONE',  ( -13.85004281364497203, 3.202222049114637592, 0.000000000000000000 ) ) ;
#2394 = VECTOR ( 'NONE', #168, 1000.000000000000000 ) ;
#2395 = DATE_TIME_ROLE ( 'classification_date' ) ;
#2396 = DIRECTION ( 'NONE',  ( 0.06666666666666683227, 0.000000000000000000, 0.9977753031397178507 ) ) ;
#2397 = VERTEX_POINT ( 'NONE', #1975 ) ;
#2398 = DIRECTION ( 'NONE',  ( 0.000000000000000000, 0.000000000000000000, 1.000000000000000000 ) ) ;
#2399 = CARTESIAN_POINT ( 'NONE',  ( -0.8239597992693179496, 17.43164173974428977, -14.49638058442373278 ) ) ;
#2400 = AXIS2_PLACEMENT_3D ( 'NONE', #1392, #2009, #2204 ) ;
#2401 = DIRECTION ( 'NONE',  ( 1.000000000000000000, 0.000000000000000000, 0.000000000000000000 ) ) ;
#2402 = ORIENTED_EDGE ( 'NONE', *, *, #2013, .F. ) ;
#2403 = AXIS2_PLACEMENT_3D ( 'NONE', #359, #766, #582 ) ;
#2404 = AXIS2_PLACEMENT_3D ( 'NONE', #2144, #2193, #918 ) ;
#2405 = CARTESIAN_POINT ( 'NONE',  ( 5.385164807134506404, 13.61803398874988424, -15.00000000000000000 ) ) ;
#2406 = CARTESIAN_POINT ( 'NONE',  ( -2.949871186474103180, 16.54095634865177544, -13.68876454231581441 ) ) ;
#2407 = ORIENTED_EDGE ( 'NONE', *, *, #73, .T. ) ;
#2408 = CARTESIAN_POINT ( 'NONE',  ( -13.84189060390318637, 4.496561113120120190, -0.9407285684057711261 ) ) ;
#2409 = B_SPLINE_CURVE_WITH_KNOTS ( 'NONE', 3,
 ( #457, #1859, #826, #1705 ),
 .UNSPECIFIED., .F., .F.,
 ( 4, 4 ),
 ( 0.001022019886434118261, 0.002046197560050270082 ),
 .UNSPECIFIED. ) ;
#2410 = CARTESIAN_POINT ( 'NONE',  ( 5.165946467338994097, 13.81551902055105074, -13.01217892764767647 ) ) ;
#2411 = ORIENTED_EDGE ( 'NONE', *, *, #831, .F. ) ;
#2412 = CARTESIAN_POINT ( 'NONE',  ( 14.03121520040228276, 5.000000000000000000, 0.000000000000000000 ) ) ;
#2413 = DIRECTION ( 'NONE',  ( -0.000000000000000000, -1.000000000000000000, -0.000000000000000000 ) ) ;
#2414 = CARTESIAN_POINT ( 'NONE',  ( -0.8239597992693179496, 17.43164173974428977, -14.49638058442373278 ) ) ;
#2415 = SPHERICAL_SURFACE ( 'NONE', #445, 1.000000000000000000 ) ;
#2416 = ORIENTED_EDGE ( 'NONE', *, *, #2436, .T. ) ;
#2417 = AXIS2_PLACEMENT_3D ( 'NONE', #2239, #1606, #1641 ) ;
#2418 = ADVANCED_FACE ( 'NONE', ( #329 ), #818, .T. ) ;
#2419 = DIRECTION ( 'NONE',  ( 0.000000000000000000, 0.000000000000000000, 1.000000000000000000 ) ) ;
#2420 = CIRCLE ( 'NONE', #2150, 0.9999999999999994449 ) ;
#2421 = CARTESIAN_POINT ( 'NONE',  ( -3.974628644191514848, 15.55206788742307644, -13.42882492699219554 ) ) ;
#2422 = DIRECTION ( 'NONE',  ( 0.000000000000000000, 0.000000000000000000, 1.000000000000000000 ) ) ;
#2423 = DIRECTION ( 'NONE',  ( 1.000000000000000000, 0.000000000000000000, -0.000000000000000000 ) ) ;
#2424 = EDGE_CURVE ( 'NONE', #1163, #512, #2633, .T. ) ;
#2425 = CALENDAR_DATE ( 2026, 1, 9 ) ;
#2426 = CARTESIAN_POINT ( 'NONE',  ( 4.552474838705632187, 14.59089599402466852, -13.24367112485340137 ) ) ;
#2427 = ADVANCED_FACE ( 'NONE', ( #1159 ), #776, .T. ) ;
#2428 = ORIENTED_EDGE ( 'NONE', *, *, #367, .T. ) ;
#2429 = CARTESIAN_POINT ( 'NONE',  ( -4.168530279186467347, 15.27641805852339907, -13.75695014089468415 ) ) ;
#2430 = CARTESIAN_POINT ( 'NONE',  ( -14.96662954709576709, 20.00000000000000355, 2.168404344971008868E-16 ) ) ;
#2431 = DIRECTION ( 'NONE',  ( -0.000000000000000000, -1.000000000000000000, -0.000000000000000000 ) ) ;
#2432 = EDGE_LOOP ( 'NONE', ( #1049, #2562, #409, #697 ) ) ;
#2433 = AXIS2_PLACEMENT_3D ( 'NONE', #2694, #2271, #829 ) ;
#2434 = CARTESIAN_POINT ( 'NONE',  ( 5.000034330855964271, 12.66470907590270478, -15.11840178806146717 ) ) ;
#2435 = CARTESIAN_POINT ( 'NONE',  ( 10.95445115010332238, 25.00000000000000000, 0.000000000000000000 ) ) ;
#2436 = EDGE_CURVE ( 'NONE', #1211, #1096, #523, .T. ) ;
#2437 = CARTESIAN_POINT ( 'NONE',  ( 0.000000000000000000, 1.000000000000000000, -13.99999999999999822 ) ) ;
#2438 = CARTESIAN_POINT ( 'NONE',  ( -14.97035895593616672, 20.26196520206077167, 0.02606222074434410424 ) ) ;
#2439 = CALENDAR_DATE ( 2026, 1, 9 ) ;
#2440 = CARTESIAN_POINT ( 'NONE',  ( 4.414105075828642200, 14.86826132792461941, -13.29084114097504887 ) ) ;
#2441 = CARTESIAN_POINT ( 'NONE',  ( -4.790900303997963405, 13.96048141497010420, -13.50894161984827591 ) ) ;
#2442 = CARTESIAN_POINT ( 'NONE',  ( 2.579862949046269005, 8.206523564252881542, -13.76468644249024109 ) ) ;
#2443 = VECTOR ( 'NONE', #874, 1000.000000000000000 ) ;
#2444 = DIRECTION ( 'NONE',  ( 0.000000000000000000, 0.000000000000000000, -1.000000000000000000 ) ) ;
#2445 = APPROVAL_PERSON_ORGANIZATION ( #1364, #2555, #115 ) ;
#2446 = CARTESIAN_POINT ( 'NONE',  ( 5.595464656474522513, 12.12389488297075779, -14.97840792022982548 ) ) ;
#2447 = TOROIDAL_SURFACE ( 'NONE', #998, 15.00000000000000000, 1.000000000000000000 ) ;
#2448 = CIRCLE ( 'NONE', #89, 1.000000000000001554 ) ;
#2449 = CARTESIAN_POINT ( 'NONE',  ( -0.8089191326325394504, 17.44404992973472446, -13.98015176005344529 ) ) ;
#2450 = AXIS2_PLACEMENT_3D ( 'NONE', #1547, #501, #899 ) ;
#2451 = CARTESIAN_POINT ( 'NONE',  ( -10.95445115010332238, 0.000000000000000000, -1.000000000000000000 ) ) ;
#2452 = CARTESIAN_POINT ( 'NONE',  ( -14.99938111630529569, 20.79946034687819534, 0.3852771598382143670 ) ) ;
#2453 = DIRECTION ( 'NONE',  ( 0.000000000000000000, 0.000000000000000000, -1.000000000000000000 ) ) ;
#2454 = CARTESIAN_POINT ( 'NONE',  ( 2.812554804519302731, 7.823415237673200906, -13.71744953433097258 ) ) ;
#2455 = EDGE_CURVE ( 'NONE', #615, #1870, #114, .T. ) ;
#2456 = ORIENTED_EDGE ( 'NONE', *, *, #2583, .F. ) ;
#2457 = CARTESIAN_POINT ( 'NONE',  ( 0.000000000000000000, 0.000000000000000000, 0.000000000000000000 ) ) ;
#2458 = DIRECTION ( 'NONE',  ( 0.000000000000000000, -1.000000000000000000, -0.000000000000000000 ) ) ;
#2459 = DIRECTION ( 'NONE',  ( -0.000000000000000000, 1.000000000000000000, -0.000000000000000000 ) ) ;
#2460 = DIRECTION ( 'NONE',  ( 1.000000000000000000, 0.000000000000000000, 0.000000000000000000 ) ) ;
#2461 = ADVANCED_FACE ( 'NONE', ( #118 ), #2178, .F. ) ;
#2462 = CARTESIAN_POINT ( 'NONE',  ( 5.385164807134506404, 0.000000000000000000, -15.00000000000000000 ) ) ;
#2463 = CARTESIAN_POINT ( 'NONE',  ( 0.8239597992693180606, 7.568358260255713788, -14.33981379912810894 ) ) ;
#2464 = ORIENTED_EDGE ( 'NONE', *, *, #1807, .F. ) ;
#2465 = AXIS2_PLACEMENT_3D ( 'NONE', #1241, #1839, #1203 ) ;
#2466 = CARTESIAN_POINT ( 'NONE',  ( -0.8023887211075787507, 7.542795597876450486, -14.66279661467488538 ) ) ;
#2467 = ORIENTED_EDGE ( 'NONE', *, *, #1044, .T. ) ;
#2468 = PLANE ( 'NONE',  #1802 ) ;
#2469 = CARTESIAN_POINT ( 'NONE',  ( 12.97107894081633006, 20.00000000000000000, -0.8666666666666665853 ) ) ;
#2470 = CARTESIAN_POINT ( 'NONE',  ( -14.03121520040228276, 5.000000000000000000, 0.000000000000000000 ) ) ;
#2471 = ADVANCED_FACE ( 'NONE', ( #102 ), #699, .T. ) ;
#2472 = CARTESIAN_POINT ( 'NONE',  ( 14.76296939707955502, 4.111889616586624996, 0.000000000000000000 ) ) ;
#2473 = CARTESIAN_POINT ( 'NONE',  ( 0.8239597992692954120, 17.43164173974429332, -14.58368576673559325 ) ) ;
#2474 = AXIS2_PLACEMENT_3D ( 'NONE', #192, #1880, #786 ) ;
#2475 = VERTEX_POINT ( 'NONE', #1843 ) ;
#2476 = FACE_OUTER_BOUND ( 'NONE', #2690, .T. ) ;
#2477 = ORIENTED_EDGE ( 'NONE', *, *, #1445, .T. ) ;
#2478 = VERTEX_POINT ( 'NONE', #2495 ) ;
#2479 = CARTESIAN_POINT ( 'NONE',  ( 0.000000000000000000, 22.00000000000000355, 0.000000000000000000 ) ) ;
#2480 = ORIENTED_EDGE ( 'NONE', *, *, #980, .T. ) ;
#2481 = CARTESIAN_POINT ( 'NONE',  ( -13.96885424394244524, 4.869942529930903596, -0.9333333335369454753 ) ) ;
#2482 = EDGE_CURVE ( 'NONE', #106, #2667, #1522, .T. ) ;
#2483 = CARTESIAN_POINT ( 'NONE',  ( 4.881097824635715732, 10.31009377624759260, -13.12203675633519673 ) ) ;
#2484 = CARTESIAN_POINT ( 'NONE',  ( 1.963415357194157940, 7.892143935085074169, -14.34157175759440683 ) ) ;
#2485 = ORIENTED_EDGE ( 'NONE', *, *, #1540, .F. ) ;
#2486 = CARTESIAN_POINT ( 'NONE',  ( -0.3127887717083069341, 7.009549194423339458, -13.99650539185739895 ) ) ;
#2487 = ORIENTED_EDGE ( 'NONE', *, *, #1885, .F. ) ;
#2488 = DIRECTION ( 'NONE',  ( 0.000000000000000000, -1.000000000000000000, -0.000000000000000000 ) ) ;
#2489 = ADVANCED_FACE ( 'NONE', ( #180 ), #2253, .T. ) ;
#2490 = ORIENTED_EDGE ( 'NONE', *, *, #159, .T. ) ;
#2491 = CARTESIAN_POINT ( 'NONE',  ( -1.420103989143733481, 7.695692515163949032, -13.93175922070780537 ) ) ;
#2492 = ORIENTED_EDGE ( 'NONE', *, *, #153, .T. ) ;
#2493 = CARTESIAN_POINT ( 'NONE',  ( 5.385164807134506404, 13.61803398874988424, -15.00000000000000000 ) ) ;
#2494 = CIRCLE ( 'NONE', #1327, 1.000000000000000888 ) ;
#2495 = CARTESIAN_POINT ( 'NONE',  ( 5.744175794276807245, 24.00000000000000000, -14.93333333333333357 ) ) ;
#2496 = DIRECTION ( 'NONE',  ( 0.000000000000000000, 0.000000000000000000, -1.000000000000000000 ) ) ;
#2497 = DIRECTION ( 'NONE',  ( -0.9791208740244558006, -0.2032789070454331104, 0.000000000000000000 ) ) ;
#2498 = ADVANCED_FACE ( 'NONE', ( #1628 ), #2223, .F. ) ;
#2499 = EDGE_LOOP ( 'NONE', ( #1935, #48, #2485 ) ) ;
#2500 = CIRCLE ( 'NONE', #417, 1.000000000000000000 ) ;
#2501 = EDGE_CURVE ( 'NONE', #2692, #558, #1402, .T. ) ;
#2502 = CARTESIAN_POINT ( 'NONE',  ( -2.594921134733036983, 7.688497358849629926, -13.76091893341768824 ) ) ;
#2503 = EDGE_LOOP ( 'NONE', ( #546, #1577, #1224, #1460 ) ) ;
#2504 = LINE ( 'NONE', #639, #154 ) ;
#2505 = CIRCLE ( 'NONE', #1557, 0.9999999999999994449 ) ;
#2506 = EDGE_LOOP ( 'NONE', ( #2096, #1278, #434, #1999, #1648, #565, #436, #1719, #2297, #1148, #322, #979 ) ) ;
#2507 = CARTESIAN_POINT ( 'NONE',  ( -0.1956585971674416613, 7.503823758342454298, -13.99864745705715841 ) ) ;
#2508 = CARTESIAN_POINT ( 'NONE',  ( 3.999012920882424549, 15.51525198887501489, -13.81831857300838351 ) ) ;
#2509 = CARTESIAN_POINT ( 'NONE',  ( -14.96662954709576532, 22.00000000000000355, 1.000000000000000000 ) ) ;
#2510 = ADVANCED_FACE ( 'NONE', ( #1018 ), #415, .T. ) ;
#2511 = AXIS2_PLACEMENT_3D ( 'NONE', #96, #1980, #1546 ) ;
#2512 = LINE ( 'NONE', #678, #81 ) ;
#2513 = CYLINDRICAL_SURFACE ( 'NONE', #312, 1.000000000000000000 ) ;
#2514 = CARTESIAN_POINT ( 'NONE',  ( 3.625144339592342835, 9.044318517242041722, -13.94254975802089191 ) ) ;
#2515 = ORIENTED_EDGE ( 'NONE', *, *, #622, .T. ) ;
#2516 = CARTESIAN_POINT ( 'NONE',  ( -14.96662954709576532, 5.000000000000000888, 0.000000000000000000 ) ) ;
#2517 = ORIENTED_EDGE ( 'NONE', *, *, #1048, .F. ) ;
#2518 = CARTESIAN_POINT ( 'NONE',  ( 14.76333198031780647, 4.112638751718065144, 0.000000000000000000 ) ) ;
#2519 = ORIENTED_EDGE ( 'NONE', *, *, #1305, .F. ) ;
#2520 = CARTESIAN_POINT ( 'NONE',  ( 0.8239597992692869743, 7.066609645972058651, -13.97573219009251488 ) ) ;
#2521 = EDGE_CURVE ( 'NONE', #2234, #1163, #1421, .T. ) ;
#2522 = CARTESIAN_POINT ( 'NONE',  ( 4.166073547207614247, 15.27994911061259131, -13.75784384465805310 ) ) ;
#2523 = FACE_OUTER_BOUND ( 'NONE', #225, .T. ) ;
#2524 = AXIS2_PLACEMENT_3D ( 'NONE', #1969, #2585, #351 ) ;
#2525 = CARTESIAN_POINT ( 'NONE',  ( -0.8239597992693179496, 7.568358260255712011, -14.49638058442373278 ) ) ;
#2526 = VECTOR ( 'NONE', #2224, 1000.000000000000000 ) ;
#2527 = CARTESIAN_POINT ( 'NONE',  ( -15.97747919396982930, 20.88733836188082549, -0.8503174461420295316 ) ) ;
#2528 = DIRECTION ( 'NONE',  ( 0.000000000000000000, 0.000000000000000000, -1.000000000000000000 ) ) ;
#2529 = TOROIDAL_SURFACE ( 'NONE', #2306, 11.00000000000000000, 1.000000000000000000 ) ;
#2530 = VECTOR ( 'NONE', #1356, 1000.000000000000000 ) ;
#2531 = CARTESIAN_POINT ( 'NONE',  ( -1.962844969917345805, 17.10809932179126491, -14.34166657752995100 ) ) ;
#2532 = VERTEX_POINT ( 'NONE', #389 ) ;
#2533 = DIRECTION ( 'NONE',  ( -1.000000000000000000, -0.000000000000000000, -0.000000000000000000 ) ) ;
#2534 = EDGE_LOOP ( 'NONE', ( #1795, #1308, #428, #651 ) ) ;
#2535 = ADVANCED_FACE ( 'NONE', ( #995 ), #1832, .F. ) ;
#2536 = CARTESIAN_POINT ( 'NONE',  ( 15.96440485023548383, 20.00000000000000000, -1.066666666666666874 ) ) ;
#2537 = ORIENTED_EDGE ( 'NONE', *, *, #700, .T. ) ;
#2538 = ORIENTED_EDGE ( 'NONE', *, *, #585, .F. ) ;
#2539 = CARTESIAN_POINT ( 'NONE',  ( -2.346882608545304283, 7.563140377267898451, -13.80277604946700443 ) ) ;
#2540 = CARTESIAN_POINT ( 'NONE',  ( 0.7353399403191709371, 7.464639603719118277, -14.79353603145446883 ) ) ;
#2541 = FACE_OUTER_BOUND ( 'NONE', #1676, .T. ) ;
#2542 = CARTESIAN_POINT ( 'NONE',  ( 14.96662954709576532, 20.00000000000000000, 0.000000000000000000 ) ) ;
#2543 = VECTOR ( 'NONE', #1041, 1000.000000000000000 ) ;
#2544 = CARTESIAN_POINT ( 'NONE',  ( -14.99175202293602638, 20.66132301414394590, 0.2470650552651703080 ) ) ;
#2545 = CARTESIAN_POINT ( 'NONE',  ( 1.053659783124087479, 17.90105099802519462, -13.96398029950482034 ) ) ;
#2546 = AXIS2_PLACEMENT_3D ( 'NONE', #1180, #1154, #562 ) ;
#2547 = CARTESIAN_POINT ( 'NONE',  ( -5.614754374590145147, 12.68909575475723273, -14.97328754094963088 ) ) ;
#2548 = LINE ( 'NONE', #850, #1157 ) ;
#2549 = CARTESIAN_POINT ( 'NONE',  ( 0.000000000000000000, 4.000000000000000000, 0.000000000000000000 ) ) ;
#2550 = EDGE_LOOP ( 'NONE', ( #420, #2266, #2589, #1483 ) ) ;
#2551 = ORIENTED_EDGE ( 'NONE', *, *, #2335, .T. ) ;
#2552 = CARTESIAN_POINT ( 'NONE',  ( -3.599419916193660640, 8.441092642393144274, -13.53156674543962090 ) ) ;
#2553 = CARTESIAN_POINT ( 'NONE',  ( -10.95445115010332238, 3.000000000000000000, -1.000000000000000000 ) ) ;
#2554 = DIRECTION ( 'NONE',  ( -1.000000000000000000, 0.000000000000000000, 0.000000000000000000 ) ) ;
#2555 = APPROVAL ( #1986, 'UNSPECIFIED' ) ;
#2556 = EDGE_CURVE ( 'NONE', #1781, #45, #905, .T. ) ;
#2557 = FACE_OUTER_BOUND ( 'NONE', #368, .T. ) ;
#2558 = CARTESIAN_POINT ( 'NONE',  ( -15.97182867406697326, 20.66401997088896536, -0.9507129136431459182 ) ) ;
#2559 = CARTESIAN_POINT ( 'NONE',  ( -4.999963264153447717, 12.67190523159732329, -14.48664377046741514 ) ) ;
#2560 = DIRECTION ( 'NONE',  ( 0.000000000000000000, -1.000000000000000000, 0.000000000000000000 ) ) ;
#2561 = DIRECTION ( 'NONE',  ( 1.000000000000000000, 0.000000000000000000, 0.000000000000000000 ) ) ;
#2562 = ORIENTED_EDGE ( 'NONE', *, *, #2047, .T. ) ;
#2563 = ORIENTED_EDGE ( 'NONE', *, *, #2307, .T. ) ;
#2564 = CARTESIAN_POINT ( 'NONE',  ( -2.499212813687327284, 7.644023849672745285, -13.77592954332806485 ) ) ;
#2565 = CARTESIAN_POINT ( 'NONE',  ( -0.6916794145941025374, 17.58574520633874627, -14.84443886682738345 ) ) ;
#2566 = CARTESIAN_POINT ( 'NONE',  ( -5.595165164112522405, 12.87932647445226486, -14.97850420165992880 ) ) ;
#2567 = AXIS2_PLACEMENT_3D ( 'NONE', #1725, #1959, #1080 ) ;
#2568 = CARTESIAN_POINT ( 'NONE',  ( -4.639182517029545316, 15.19943699312915442, -13.21045123626146989 ) ) ;
#2569 = EDGE_CURVE ( 'NONE', #725, #1762, #2512, .T. ) ;
#2570 = DIRECTION ( 'NONE',  ( -1.000000000000000000, 0.000000000000000000, 0.000000000000000000 ) ) ;
#2571 = CARTESIAN_POINT ( 'NONE',  ( -15.96440485023548383, 20.13669047958433111, -1.066666666666667318 ) ) ;
#2572 = EDGE_CURVE ( 'NONE', #1021, #407, #1586, .T. ) ;
#2573 = CIRCLE ( 'NONE', #1407, 1.000000000000000000 ) ;
#2574 = CARTESIAN_POINT ( 'NONE',  ( -5.519051304987681483, 11.75187455666215008, -14.99175900915015980 ) ) ;
#2575 = CIRCLE ( 'NONE', #315, 14.00000000000000000 ) ;
#2576 = DIRECTION ( 'NONE',  ( 1.000000000000000000, 0.000000000000000000, 0.000000000000000000 ) ) ;
#2577 = DIRECTION ( 'NONE',  ( 7.917893156885571118E-17, 1.000000000000000000, -8.673617379884034486E-16 ) ) ;
#2578 = ORIENTED_EDGE ( 'NONE', *, *, #2353, .T. ) ;
#2579 = EDGE_CURVE ( 'NONE', #1781, #640, #2336, .T. ) ;
#2580 = CARTESIAN_POINT ( 'NONE',  ( -4.484003828467119313, 10.28119224435557832, -13.26668992987012352 ) ) ;
#2581 = CARTESIAN_POINT ( 'NONE',  ( 0.8239597992692953010, 17.43164173974428977, -14.47164535225755344 ) ) ;
#2582 = LINE ( 'NONE', #2214, #1143 ) ;
#2583 = EDGE_CURVE ( 'NONE', #1350, #2397, #2115, .T. ) ;
#2584 = CARTESIAN_POINT ( 'NONE',  ( -5.243931040915717823, 11.61536121895983520, -12.98084789791095517 ) ) ;
#2585 = DIRECTION ( 'NONE',  ( -0.000000000000000000, -1.000000000000000000, 0.000000000000000000 ) ) ;
#2586 = CARTESIAN_POINT ( 'NONE',  ( -14.18316320866844471, 3.408570911700075978, 0.000000000000000000 ) ) ;
#2587 = CALENDAR_DATE ( 2026, 1, 9 ) ;
#2588 = CARTESIAN_POINT ( 'NONE',  ( 3.798898629223406154, 16.35684560904166318, -13.47645429079476287 ) ) ;
#2589 = ORIENTED_EDGE ( 'NONE', *, *, #2088, .F. ) ;
#2590 = CYLINDRICAL_SURFACE ( 'NONE', #1436, 0.5000000000000004441 ) ;
#2591 = PRODUCT_DEFINITION_SHAPE ( 'NONE', 'NONE',  #1845 ) ;
#2592 = CARTESIAN_POINT ( 'NONE',  ( -5.063306884641697536, 14.19284349181185689, -13.05295131405479836 ) ) ;
#2593 = FACE_OUTER_BOUND ( 'NONE', #2038, .T. ) ;
#2594 = ORIENTED_EDGE ( 'NONE', *, *, #2556, .T. ) ;
#2595 = CIRCLE ( 'NONE', #2022, 1.000000000000000000 ) ;
#2596 = EDGE_CURVE ( 'NONE', #1444, #590, #2615, .T. ) ;
#2597 = CARTESIAN_POINT ( 'NONE',  ( 9.958591954639384625, 5.000000000000000000, -0.9090909090909089496 ) ) ;
#2598 = CARTESIAN_POINT ( 'NONE',  ( -5.385164807134506404, 11.38196601125010865, -15.00000000000000000 ) ) ;
#2599 = CARTESIAN_POINT ( 'NONE',  ( -4.269393629632842746, 15.78949252007735105, -13.33455339811593809 ) ) ;
#2600 = CARTESIAN_POINT ( 'NONE',  ( 10.95445115010332238, 1.000000000000000000, -1.000000000000000000 ) ) ;
#2601 = CARTESIAN_POINT ( 'NONE',  ( 10.95445115010332238, 1.000000000000000000, -1.000000000000000000 ) ) ;
#2602 = CARTESIAN_POINT ( 'NONE',  ( 0.000000000000000000, 22.00000000000000355, 0.000000000000000000 ) ) ;
#2603 = CIRCLE ( 'NONE', #427, 1.000000000000000000 ) ;
#2604 = ORIENTED_EDGE ( 'NONE', *, *, #1597, .F. ) ;
#2605 = CARTESIAN_POINT ( 'NONE',  ( -1.402795228781841486, 7.691888552924491584, -14.42090573580137480 ) ) ;
#2606 = CARTESIAN_POINT ( 'NONE',  ( 0.8239597992693179496, 7.568358260255712011, -15.00000000000000000 ) ) ;
#2607 = DIRECTION ( 'NONE',  ( -1.000000000000000000, 0.000000000000000000, 0.000000000000000000 ) ) ;
#2608 = VERTEX_POINT ( 'NONE', #475 ) ;
#2609 = CARTESIAN_POINT ( 'NONE',  ( 10.95445115010332238, 2.999999999999999112, -1.000000000000000000 ) ) ;
#2610 = CARTESIAN_POINT ( 'NONE',  ( -5.277564600081692703, 13.20507810594951081, -12.96735335497593589 ) ) ;
#2611 = EDGE_CURVE ( 'NONE', #45, #1282, #1571, .T. ) ;
#2612 = VERTEX_POINT ( 'NONE', #1683 ) ;
#2613 = DIRECTION ( 'NONE',  ( 1.000000000000000000, 0.000000000000000000, 0.000000000000000000 ) ) ;
#2614 = CARTESIAN_POINT ( 'NONE',  ( -13.40814866586557486, 4.101111025406168231, -0.9680579858100792912 ) ) ;
#2615 = CIRCLE ( 'NONE', #1258, 1.000000000000000888 ) ;
#2616 =( NAMED_UNIT ( * ) PLANE_ANGLE_UNIT ( ) SI_UNIT ( $, .RADIAN. ) );
#2617 = CARTESIAN_POINT ( 'NONE',  ( 4.999946638645189623, 12.65272529895566578, -13.41643192791772776 ) ) ;
#2618 = EDGE_LOOP ( 'NONE', ( #1239, #1144, #2137, #2679 ) ) ;
#2619 = EDGE_CURVE ( 'NONE', #281, #2475, #1908, .T. ) ;
#2620 = DIRECTION ( 'NONE',  ( 0.000000000000000000, -0.000000000000000000, 1.000000000000000000 ) ) ;
#2621 = AXIS2_PLACEMENT_3D ( 'NONE', #1737, #1121, #844 ) ;
#2622 = CARTESIAN_POINT ( 'NONE',  ( -5.385164807134506404, 1.000000000000000888, -14.00000000000000000 ) ) ;
#2623 = AXIS2_PLACEMENT_3D ( 'NONE', #1550, #125, #575 ) ;
#2624 = CARTESIAN_POINT ( 'NONE',  ( -5.385164807134506404, 1.000000000000000888, -13.99999999999999822 ) ) ;
#2625 = ORIENTED_EDGE ( 'NONE', *, *, #1647, .F. ) ;
#2626 = EDGE_CURVE ( 'NONE', #725, #3, #740, .T. ) ;
#2627 = DIRECTION ( 'NONE',  ( 0.000000000000000000, 0.000000000000000000, -1.000000000000000000 ) ) ;
#2628 = CARTESIAN_POINT ( 'NONE',  ( -4.019883612561193864, 15.49044774589490814, -13.81078744698072391 ) ) ;
#2629 = CYLINDRICAL_SURFACE ( 'NONE', #172, 1.000000000000000888 ) ;
#2630 = PERSON_AND_ORGANIZATION ( #602, #2350 ) ;
#2631 = CARTESIAN_POINT ( 'NONE',  ( 5.310457191398272769, 12.16980270311486656, -12.95372704796422703 ) ) ;
#2632 = ORIENTED_EDGE ( 'NONE', *, *, #2378, .F. ) ;
#2633 = LINE ( 'NONE', #1599, #480 ) ;
#2634 = DIRECTION ( 'NONE',  ( 0.000000000000000000, 0.000000000000000000, -1.000000000000000000 ) ) ;
#2635 = ORIENTED_EDGE ( 'NONE', *, *, #1243, .F. ) ;
#2636 = VECTOR ( 'NONE', #983, 1000.000000000000000 ) ;
#2637 = AXIS2_PLACEMENT_3D ( 'NONE', #1587, #2218, #520 ) ;
#2638 = DIRECTION ( 'NONE',  ( -1.000000000000000000, 0.000000000000000000, -0.000000000000000000 ) ) ;
#2639 = FACE_OUTER_BOUND ( 'NONE', #834, .T. ) ;
#2640 = LINE ( 'NONE', #113, #765 ) ;
#2641 = CARTESIAN_POINT ( 'NONE',  ( 4.856559271487193463, 13.72853086021106783, -13.13499925055032058 ) ) ;
#2642 = VECTOR ( 'NONE', #1689, 1000.000000000000000 ) ;
#2643 = CARTESIAN_POINT ( 'NONE',  ( 2.895721438552197213, 8.412951169797368678, -14.14826755481525922 ) ) ;
#2644 = CARTESIAN_POINT ( 'NONE',  ( 5.310633755352423435, 12.18221880388929534, -12.95365466637079521 ) ) ;
#2645 = VECTOR ( 'NONE', #1323, 1000.000000000000000 ) ;
#2646 = CARTESIAN_POINT ( 'NONE',  ( 4.999965456756474858, 12.33322886709954957, -15.11831058258607818 ) ) ;
#2647 = CARTESIAN_POINT ( 'NONE',  ( -0.5332167966461858200, 17.74860927918640030, -14.02617504640398671 ) ) ;
#2648 = ORIENTED_EDGE ( 'NONE', *, *, #2659, .T. ) ;
#2649 = CARTESIAN_POINT ( 'NONE',  ( -0.3127887717083069341, 7.009549194423339458, -13.99650539185739895 ) ) ;
#2650 = CARTESIAN_POINT ( 'NONE',  ( -4.973737557344827920, 13.09071579972895272, -13.42835581129305744 ) ) ;
#2651 = CARTESIAN_POINT ( 'NONE',  ( 3.574429579559522452, 8.991376125368832462, -13.95850621193810248 ) ) ;
#2652 = ORIENTED_EDGE ( 'NONE', *, *, #929, .T. ) ;
#2653 = AXIS2_PLACEMENT_3D ( 'NONE', #1405, #1345, #1592 ) ;
#2654 = DIRECTION ( 'NONE',  ( 0.000000000000000000, -1.000000000000000000, 0.000000000000000000 ) ) ;
#2655 = CIRCLE ( 'NONE', #1829, 2.000000000000000000 ) ;
#2656 = ADVANCED_FACE ( 'NONE', ( #2557 ), #857, .T. ) ;
#2657 = AXIS2_PLACEMENT_3D ( 'NONE', #1510, #1724, #1928 ) ;
#2658 = LINE ( 'NONE', #2435, #2636 ) ;
#2659 = EDGE_CURVE ( 'NONE', #2094, #1038, #920, .T. ) ;
#2660 = TOROIDAL_SURFACE ( 'NONE', #92, 15.00000000000000000, 1.000000000000000000 ) ;
#2661 = ORIENTED_EDGE ( 'NONE', *, *, #2233, .F. ) ;
#2662 = CARTESIAN_POINT ( 'NONE',  ( 4.895604370122279114, 13.51639453522716749, -14.49999999999999822 ) ) ;
#2663 = SHAPE_DEFINITION_REPRESENTATION ( #2591, #343 ) ;
#2664 = ADVANCED_FACE ( 'NONE', ( #273 ), #462, .F. ) ;
#2665 = CARTESIAN_POINT ( 'NONE',  ( -16.00000000000000000, 25.00000000000000000, 0.000000000000000000 ) ) ;
#2666 = CARTESIAN_POINT ( 'NONE',  ( 0.8239597992693186157, 7.327565578490198739, -14.02831273065263851 ) ) ;
#2667 = VERTEX_POINT ( 'NONE', #70 ) ;
#2668 = DIRECTION ( 'NONE',  ( 0.000000000000000000, 0.000000000000000000, -1.000000000000000000 ) ) ;
#2669 = ORIENTED_EDGE ( 'NONE', *, *, #778, .F. ) ;
#2670 = DIRECTION ( 'NONE',  ( 0.000000000000000000, 1.000000000000000000, 0.000000000000000000 ) ) ;
#2671 = AXIS2_PLACEMENT_3D ( 'NONE', #1772, #904, #2576 ) ;
#2672 = LINE ( 'NONE', #107, #1946 ) ;
#2673 = CARTESIAN_POINT ( 'NONE',  ( 13.84072786918267362, 4.494288174181001239, -0.9407971665531048577 ) ) ;
#2674 = CARTESIAN_POINT ( 'NONE',  ( 13.86662432862222261, 4.555944808650480127, -0.9392791587745827897 ) ) ;
#2675 = CARTESIAN_POINT ( 'NONE',  ( 1.794220537680418559, 7.823450913278882091, -13.88846020652906255 ) ) ;
#2676 = ORIENTED_EDGE ( 'NONE', *, *, #1865, .F. ) ;
#2677 = CARTESIAN_POINT ( 'NONE',  ( -4.965216836933609379, 13.18109649403850447, -14.50000000000000000 ) ) ;
#2678 = ORIENTED_EDGE ( 'NONE', *, *, #1243, .T. ) ;
#2679 = ORIENTED_EDGE ( 'NONE', *, *, #1944, .T. ) ;
#2680 = CARTESIAN_POINT ( 'NONE',  ( -0.5576957160221783782, 17.98106947850633119, -13.99307137062591444 ) ) ;
#2681 = DIRECTION ( 'NONE',  ( 0.9333333333333333481, 0.000000000000000000, 0.3590109871423004528 ) ) ;
#2682 = CARTESIAN_POINT ( 'NONE',  ( -0.8192638696403287124, 7.567574240703374144, -14.38905704205499170 ) ) ;
#2683 = CARTESIAN_POINT ( 'NONE',  ( 14.00183720908965412, 4.721224431153819623, 4.123368955330254355E-13 ) ) ;
#2684 = LINE ( 'NONE', #1046, #2526 ) ;
#2685 = CARTESIAN_POINT ( 'NONE',  ( -15.96440485023548383, 20.00000000000000000, -1.066666666666666874 ) ) ;
#2686 = ADVANCED_FACE ( 'NONE', ( #901 ), #1329, .F. ) ;
#2687 = AXIS2_PLACEMENT_3D ( 'NONE', #1989, #313, #2620 ) ;
#2688 = ORIENTED_EDGE ( 'NONE', *, *, #1545, .F. ) ;
#2689 = DIRECTION ( 'NONE',  ( 0.000000000000000000, 0.000000000000000000, -1.000000000000000000 ) ) ;
#2690 = EDGE_LOOP ( 'NONE', ( #1678, #952, #1081, #803, #2092 ) ) ;
#2691 = CARTESIAN_POINT ( 'NONE',  ( 15.99172592210093846, 21.94012702062475739, 0.5313051673169676414 ) ) ;
#2692 = VERTEX_POINT ( 'NONE', #647 ) ;
#2693 = CARTESIAN_POINT ( 'NONE',  ( -0.2033544544412813349, 7.504137014903340841, -14.49827447762971744 ) ) ;
#2694 = CARTESIAN_POINT ( 'NONE',  ( -16.00000000000000000, 1.000000000000000888, -1.000000000000000000 ) ) ;
#2695 = DIRECTION ( 'NONE',  ( -0.2032789070454331382, -0.9791208740244558006, -0.000000000000000000 ) ) ;
#2696 = AXIS2_PLACEMENT_3D ( 'NONE', #1059, #1089, #1893 ) ;
#2697 = EDGE_CURVE ( 'NONE', #2532, #407, #1478, .T. ) ;
#2698 = CARTESIAN_POINT ( 'NONE',  ( 13.09154737812480285, 3.990083247927425081, 2.243012824642495878E-13 ) ) ;
#2699 = CARTESIAN_POINT ( 'NONE',  ( 15.96440485023548383, 22.00000000000000355, 1.066666666666665986 ) ) ;
#2700 = DIRECTION ( 'NONE',  ( 7.917893156885571118E-17, 1.000000000000000000, 8.673617379884034486E-16 ) ) ;
#2701 = ADVANCED_FACE ( 'NONE', ( #232 ), #1895, .T. ) ;
ENDSEC;
END-ISO-10303-21;
